[0.000000] (-) TimerEvent: {}
[0.000158] (consenso_pkg) JobQueued: {'identifier': 'consenso_pkg', 'dependencies': OrderedDict()}
[0.000208] (dynamic_consensus) JobQueued: {'identifier': 'dynamic_consensus', 'dependencies': OrderedDict()}
[0.000228] (consenso_pkg) JobStarted: {'identifier': 'consenso_pkg'}
[0.018702] (dynamic_consensus) JobStarted: {'identifier': 'dynamic_consensus'}
[0.022626] (consenso_pkg) JobProgress: {'identifier': 'consenso_pkg', 'progress': 'cmake'}
[0.023495] (consenso_pkg) JobProgress: {'identifier': 'consenso_pkg', 'progress': 'build'}
[0.024416] (consenso_pkg) Command: {'cmd': ['/usr/bin/cmake', '--build', '/home/fortunato/ros2_ws/build/consenso_pkg', '--', '-j8', '-l8'], 'cwd': '/home/fortunato/ros2_ws/build/consenso_pkg', 'env': OrderedDict([('LESSOPEN', '| /usr/bin/lesspipe %s'), ('LANGUAGE', 'it:en'), ('USER', 'fortunato'), ('LC_TIME', 'it_IT.UTF-8'), ('ROS_PACKAGE_PATH', '/home/fortunato/ros2_ws/install/consenso_pkg/share'), ('XDG_SESSION_TYPE', 'wayland'), ('SHLVL', '1'), ('LD_LIBRARY_PATH', '/opt/ros/humble/opt/rviz_ogre_vendor/lib:/opt/ros/humble/lib/x86_64-linux-gnu:/opt/ros/humble/lib'), ('HOME', '/home/fortunato'), ('DESKTOP_SESSION', 'ubuntu'), ('ROS_PYTHON_VERSION', '3'), ('GNOME_SHELL_SESSION_MODE', 'ubuntu'), ('GTK_MODULES', 'gail:atk-bridge'), ('LC_MONETARY', 'it_IT.UTF-8'), ('SYSTEMD_EXEC_PID', '6412'), ('DBUS_SESSION_BUS_ADDRESS', 'unix:path=/run/user/1000/bus'), ('COLORTERM', 'truecolor'), ('_colcon_cd_root', '/home/fortunato/ros2_install'), ('MAVLINK_DIR', '/home/fortunato/ros2_ws/src/PX4-Autopilot/mavlink/include/mavlink/v2.0'), ('IM_CONFIG_PHASE', '1'), ('WAYLAND_DISPLAY', 'wayland-0'), ('COLCON_PREFIX_PATH', '/home/fortunato/ros2_ws/install'), ('ROS_DISTRO', 'humble'), ('LOGNAME', 'fortunato'), ('_', '/home/fortunato/.local/bin/colcon'), ('ROS_VERSION', '2'), ('PKG_CONFIG_PATH', '/home/fortunato/ros2_ws/install/consenso_pkg/lib/x86_64-linux-gnu/pkgconfig:/home/fortunato/ros2_ws/install/consenso_pkg/lib/pkgconfig'), ('XDG_SESSION_CLASS', 'user'), ('USERNAME', 'fortunato'), ('TERM', 'xterm-256color'), ('GAZEBO_MODEL_PATH', '/usr/share/gazebo-11/models:/home/fortunato/ros2_ws/src/PX4-Autopilot/Tools/sitl_gazebo/models:/home/fortunato/ros2_ws/src/cameras/models:'), ('GNOME_DESKTOP_SESSION_ID', 'this-is-deprecated'), ('ROS_LOCALHOST_ONLY', '0'), ('PATH', '/opt/ros/humble/bin:/home/fortunato/.local/bin:/usr/local/sbin:/usr/local/bin:/usr/sbin:/usr/bin:/sbin:/bin:/usr/games:/usr/local/games:/snap/bin:/snap/bin'), ('SESSION_MANAGER', 'local/fortunato-Swift-SF314-54:@/tmp/.ICE-unix/2537,unix/fortunato-Swift-SF314-54:/tmp/.ICE-unix/2537'), ('PAPERSIZE', 'a4'), ('XDG_MENU_PREFIX', 'gnome-'), ('LC_ADDRESS', 'it_IT.UTF-8'), ('GNOME_TERMINAL_SCREEN', '/org/gnome/Terminal/screen/3113ae5f_2b58_4139_bc9a_e994d9809257'), ('GNOME_SETUP_DISPLAY', ':1'), ('XDG_RUNTIME_DIR', '/run/user/1000'), ('DISPLAY', ':0'), ('LANG', 'it_IT.UTF-8'), ('XDG_CURRENT_DESKTOP', 'ubuntu:GNOME'), ('LC_TELEPHONE', 'it_IT.UTF-8'), ('XMODIFIERS', '@im=ibus'), ('XDG_SESSION_DESKTOP', 'ubuntu'), ('XAUTHORITY', '/run/user/1000/.mutter-Xwaylandauth.JNCGG3'), ('LS_COLORS', 'rs=0:di=01;34:ln=01;36:mh=00:pi=40;33:so=01;35:do=01;35:bd=40;33;01:cd=40;33;01:or=40;31;01:mi=00:su=37;41:sg=30;43:ca=30;41:tw=30;42:ow=34;42:st=37;44:ex=01;32:*.tar=01;31:*.tgz=01;31:*.arc=01;31:*.arj=01;31:*.taz=01;31:*.lha=01;31:*.lz4=01;31:*.lzh=01;31:*.lzma=01;31:*.tlz=01;31:*.txz=01;31:*.tzo=01;31:*.t7z=01;31:*.zip=01;31:*.z=01;31:*.dz=01;31:*.gz=01;31:*.lrz=01;31:*.lz=01;31:*.lzo=01;31:*.xz=01;31:*.zst=01;31:*.tzst=01;31:*.bz2=01;31:*.bz=01;31:*.tbz=01;31:*.tbz2=01;31:*.tz=01;31:*.deb=01;31:*.rpm=01;31:*.jar=01;31:*.war=01;31:*.ear=01;31:*.sar=01;31:*.rar=01;31:*.alz=01;31:*.ace=01;31:*.zoo=01;31:*.cpio=01;31:*.7z=01;31:*.rz=01;31:*.cab=01;31:*.wim=01;31:*.swm=01;31:*.dwm=01;31:*.esd=01;31:*.jpg=01;35:*.jpeg=01;35:*.mjpg=01;35:*.mjpeg=01;35:*.gif=01;35:*.bmp=01;35:*.pbm=01;35:*.pgm=01;35:*.ppm=01;35:*.tga=01;35:*.xbm=01;35:*.xpm=01;35:*.tif=01;35:*.tiff=01;35:*.png=01;35:*.svg=01;35:*.svgz=01;35:*.mng=01;35:*.pcx=01;35:*.mov=01;35:*.mpg=01;35:*.mpeg=01;35:*.m2v=01;35:*.mkv=01;35:*.webm=01;35:*.webp=01;35:*.ogm=01;35:*.mp4=01;35:*.m4v=01;35:*.mp4v=01;35:*.vob=01;35:*.qt=01;35:*.nuv=01;35:*.wmv=01;35:*.asf=01;35:*.rm=01;35:*.rmvb=01;35:*.flc=01;35:*.avi=01;35:*.fli=01;35:*.flv=01;35:*.gl=01;35:*.dl=01;35:*.xcf=01;35:*.xwd=01;35:*.yuv=01;35:*.cgm=01;35:*.emf=01;35:*.ogv=01;35:*.ogx=01;35:*.aac=00;36:*.au=00;36:*.flac=00;36:*.m4a=00;36:*.mid=00;36:*.midi=00;36:*.mka=00;36:*.mp3=00;36:*.mpc=00;36:*.ogg=00;36:*.ra=00;36:*.wav=00;36:*.oga=00;36:*.opus=00;36:*.spx=00;36:*.xspf=00;36:'), ('GNOME_TERMINAL_SERVICE', ':1.153'), ('SSH_AGENT_LAUNCHER', 'gnome-keyring'), ('SSH_AUTH_SOCK', '/run/user/1000/keyring/ssh'), ('AMENT_PREFIX_PATH', '/home/fortunato/ros2_ws/install/dynamic_consensus:/opt/ros/humble'), ('SHELL', '/bin/bash'), ('LC_NAME', 'it_IT.UTF-8'), ('QT_ACCESSIBILITY', '1'), ('GDMSESSION', 'ubuntu'), ('LESSCLOSE', '/usr/bin/lesspipe %s %s'), ('LC_MEASUREMENT', 'it_IT.UTF-8'), ('GAZEBO_RESOURCE_PATH', '/usr/share/gazebo-11:'), ('LC_IDENTIFICATION', 'it_IT.UTF-8'), ('QT_IM_MODULE', 'ibus'), ('PWD', '/home/fortunato/ros2_ws/build/consenso_pkg'), ('LC_ALL', 'en_US.UTF-8'), ('XDG_CONFIG_DIRS', '/etc/xdg/xdg-ubuntu:/etc/xdg'), ('GAZEBO_PLUGIN_PATH', '/usr/lib/x86_64-linux-gnu/gazebo-11/plugins:/home/fortunato/ros2_ws/src/PX4-Autopilot/build/px4_sitl_default/build_gazebo-classic:'), ('XDG_DATA_DIRS', '/usr/share/ubuntu:/usr/local/share/:/usr/share/:/var/lib/snapd/desktop'), ('PYTHONPATH', '/opt/ros/humble/lib/python3.10/site-packages:/opt/ros/humble/local/lib/python3.10/dist-packages'), ('LC_NUMERIC', 'it_IT.UTF-8'), ('LC_PAPER', 'it_IT.UTF-8'), ('COLCON', '1'), ('VTE_VERSION', '6800'), ('CMAKE_PREFIX_PATH', '/home/fortunato/ros2_ws/install/dynamic_consensus')]), 'shell': False}
[0.027740] (dynamic_consensus) JobProgress: {'identifier': 'dynamic_consensus', 'progress': 'cmake'}
[0.029061] (dynamic_consensus) JobProgress: {'identifier': 'dynamic_consensus', 'progress': 'build'}
[0.029499] (dynamic_consensus) Command: {'cmd': ['/usr/bin/cmake', '--build', '/home/fortunato/ros2_ws/build/dynamic_consensus', '--', '-j8', '-l8'], 'cwd': '/home/fortunato/ros2_ws/build/dynamic_consensus', 'env': OrderedDict([('LESSOPEN', '| /usr/bin/lesspipe %s'), ('LANGUAGE', 'it:en'), ('USER', 'fortunato'), ('LC_TIME', 'it_IT.UTF-8'), ('ROS_PACKAGE_PATH', '/home/fortunato/ros2_ws/install/consenso_pkg/share'), ('XDG_SESSION_TYPE', 'wayland'), ('SHLVL', '1'), ('LD_LIBRARY_PATH', '/opt/ros/humble/opt/rviz_ogre_vendor/lib:/opt/ros/humble/lib/x86_64-linux-gnu:/opt/ros/humble/lib'), ('HOME', '/home/fortunato'), ('DESKTOP_SESSION', 'ubuntu'), ('ROS_PYTHON_VERSION', '3'), ('GNOME_SHELL_SESSION_MODE', 'ubuntu'), ('GTK_MODULES', 'gail:atk-bridge'), ('LC_MONETARY', 'it_IT.UTF-8'), ('SYSTEMD_EXEC_PID', '6412'), ('DBUS_SESSION_BUS_ADDRESS', 'unix:path=/run/user/1000/bus'), ('COLORTERM', 'truecolor'), ('_colcon_cd_root', '/home/fortunato/ros2_install'), ('MAVLINK_DIR', '/home/fortunato/ros2_ws/src/PX4-Autopilot/mavlink/include/mavlink/v2.0'), ('IM_CONFIG_PHASE', '1'), ('WAYLAND_DISPLAY', 'wayland-0'), ('COLCON_PREFIX_PATH', '/home/fortunato/ros2_ws/install'), ('ROS_DISTRO', 'humble'), ('LOGNAME', 'fortunato'), ('_', '/home/fortunato/.local/bin/colcon'), ('ROS_VERSION', '2'), ('PKG_CONFIG_PATH', '/home/fortunato/ros2_ws/install/consenso_pkg/lib/x86_64-linux-gnu/pkgconfig:/home/fortunato/ros2_ws/install/consenso_pkg/lib/pkgconfig'), ('XDG_SESSION_CLASS', 'user'), ('USERNAME', 'fortunato'), ('TERM', 'xterm-256color'), ('GAZEBO_MODEL_PATH', '/usr/share/gazebo-11/models:/home/fortunato/ros2_ws/src/PX4-Autopilot/Tools/sitl_gazebo/models:/home/fortunato/ros2_ws/src/cameras/models:'), ('GNOME_DESKTOP_SESSION_ID', 'this-is-deprecated'), ('ROS_LOCALHOST_ONLY', '0'), ('PATH', '/opt/ros/humble/bin:/home/fortunato/.local/bin:/usr/local/sbin:/usr/local/bin:/usr/sbin:/usr/bin:/sbin:/bin:/usr/games:/usr/local/games:/snap/bin:/snap/bin'), ('SESSION_MANAGER', 'local/fortunato-Swift-SF314-54:@/tmp/.ICE-unix/2537,unix/fortunato-Swift-SF314-54:/tmp/.ICE-unix/2537'), ('PAPERSIZE', 'a4'), ('XDG_MENU_PREFIX', 'gnome-'), ('LC_ADDRESS', 'it_IT.UTF-8'), ('GNOME_TERMINAL_SCREEN', '/org/gnome/Terminal/screen/3113ae5f_2b58_4139_bc9a_e994d9809257'), ('GNOME_SETUP_DISPLAY', ':1'), ('XDG_RUNTIME_DIR', '/run/user/1000'), ('DISPLAY', ':0'), ('LANG', 'it_IT.UTF-8'), ('XDG_CURRENT_DESKTOP', 'ubuntu:GNOME'), ('LC_TELEPHONE', 'it_IT.UTF-8'), ('XMODIFIERS', '@im=ibus'), ('XDG_SESSION_DESKTOP', 'ubuntu'), ('XAUTHORITY', '/run/user/1000/.mutter-Xwaylandauth.JNCGG3'), ('LS_COLORS', 'rs=0:di=01;34:ln=01;36:mh=00:pi=40;33:so=01;35:do=01;35:bd=40;33;01:cd=40;33;01:or=40;31;01:mi=00:su=37;41:sg=30;43:ca=30;41:tw=30;42:ow=34;42:st=37;44:ex=01;32:*.tar=01;31:*.tgz=01;31:*.arc=01;31:*.arj=01;31:*.taz=01;31:*.lha=01;31:*.lz4=01;31:*.lzh=01;31:*.lzma=01;31:*.tlz=01;31:*.txz=01;31:*.tzo=01;31:*.t7z=01;31:*.zip=01;31:*.z=01;31:*.dz=01;31:*.gz=01;31:*.lrz=01;31:*.lz=01;31:*.lzo=01;31:*.xz=01;31:*.zst=01;31:*.tzst=01;31:*.bz2=01;31:*.bz=01;31:*.tbz=01;31:*.tbz2=01;31:*.tz=01;31:*.deb=01;31:*.rpm=01;31:*.jar=01;31:*.war=01;31:*.ear=01;31:*.sar=01;31:*.rar=01;31:*.alz=01;31:*.ace=01;31:*.zoo=01;31:*.cpio=01;31:*.7z=01;31:*.rz=01;31:*.cab=01;31:*.wim=01;31:*.swm=01;31:*.dwm=01;31:*.esd=01;31:*.jpg=01;35:*.jpeg=01;35:*.mjpg=01;35:*.mjpeg=01;35:*.gif=01;35:*.bmp=01;35:*.pbm=01;35:*.pgm=01;35:*.ppm=01;35:*.tga=01;35:*.xbm=01;35:*.xpm=01;35:*.tif=01;35:*.tiff=01;35:*.png=01;35:*.svg=01;35:*.svgz=01;35:*.mng=01;35:*.pcx=01;35:*.mov=01;35:*.mpg=01;35:*.mpeg=01;35:*.m2v=01;35:*.mkv=01;35:*.webm=01;35:*.webp=01;35:*.ogm=01;35:*.mp4=01;35:*.m4v=01;35:*.mp4v=01;35:*.vob=01;35:*.qt=01;35:*.nuv=01;35:*.wmv=01;35:*.asf=01;35:*.rm=01;35:*.rmvb=01;35:*.flc=01;35:*.avi=01;35:*.fli=01;35:*.flv=01;35:*.gl=01;35:*.dl=01;35:*.xcf=01;35:*.xwd=01;35:*.yuv=01;35:*.cgm=01;35:*.emf=01;35:*.ogv=01;35:*.ogx=01;35:*.aac=00;36:*.au=00;36:*.flac=00;36:*.m4a=00;36:*.mid=00;36:*.midi=00;36:*.mka=00;36:*.mp3=00;36:*.mpc=00;36:*.ogg=00;36:*.ra=00;36:*.wav=00;36:*.oga=00;36:*.opus=00;36:*.spx=00;36:*.xspf=00;36:'), ('GNOME_TERMINAL_SERVICE', ':1.153'), ('SSH_AGENT_LAUNCHER', 'gnome-keyring'), ('SSH_AUTH_SOCK', '/run/user/1000/keyring/ssh'), ('AMENT_PREFIX_PATH', '/home/fortunato/ros2_ws/install/dynamic_consensus:/opt/ros/humble'), ('SHELL', '/bin/bash'), ('LC_NAME', 'it_IT.UTF-8'), ('QT_ACCESSIBILITY', '1'), ('GDMSESSION', 'ubuntu'), ('LESSCLOSE', '/usr/bin/lesspipe %s %s'), ('LC_MEASUREMENT', 'it_IT.UTF-8'), ('GAZEBO_RESOURCE_PATH', '/usr/share/gazebo-11:'), ('LC_IDENTIFICATION', 'it_IT.UTF-8'), ('QT_IM_MODULE', 'ibus'), ('PWD', '/home/fortunato/ros2_ws/build/dynamic_consensus'), ('LC_ALL', 'en_US.UTF-8'), ('XDG_CONFIG_DIRS', '/etc/xdg/xdg-ubuntu:/etc/xdg'), ('GAZEBO_PLUGIN_PATH', '/usr/lib/x86_64-linux-gnu/gazebo-11/plugins:/home/fortunato/ros2_ws/src/PX4-Autopilot/build/px4_sitl_default/build_gazebo-classic:'), ('XDG_DATA_DIRS', '/usr/share/ubuntu:/usr/local/share/:/usr/share/:/var/lib/snapd/desktop'), ('PYTHONPATH', '/opt/ros/humble/lib/python3.10/site-packages:/opt/ros/humble/local/lib/python3.10/dist-packages'), ('LC_NUMERIC', 'it_IT.UTF-8'), ('LC_PAPER', 'it_IT.UTF-8'), ('COLCON', '1'), ('VTE_VERSION', '6800'), ('CMAKE_PREFIX_PATH', '/home/fortunato/ros2_ws/install/dynamic_consensus:/opt/ros/humble')]), 'shell': False}
[0.075375] (consenso_pkg) StdoutLine: {'line': b'\x1b[35m\x1b[1mConsolidate compiler generated dependencies of target nodo\x1b[0m\n'}
[0.092001] (dynamic_consensus) StdoutLine: {'line': b'[ 33%] Built target consensus_node\n'}
[0.092176] (dynamic_consensus) StdoutLine: {'line': b'[ 66%] Built target signal_generator_node\n'}
[0.093608] (dynamic_consensus) StdoutLine: {'line': b'[100%] Built target average_calc_node\n'}
[0.096955] (consenso_pkg) StdoutLine: {'line': b'[ 50%] \x1b[32mBuilding CXX object CMakeFiles/nodo.dir/src/nodo.cpp.o\x1b[0m\n'}
[0.099354] (-) TimerEvent: {}
[0.104955] (dynamic_consensus) CommandEnded: {'returncode': 0}
[0.106227] (dynamic_consensus) JobProgress: {'identifier': 'dynamic_consensus', 'progress': 'install'}
[0.115634] (dynamic_consensus) Command: {'cmd': ['/usr/bin/cmake', '--install', '/home/fortunato/ros2_ws/build/dynamic_consensus'], 'cwd': '/home/fortunato/ros2_ws/build/dynamic_consensus', 'env': OrderedDict([('LESSOPEN', '| /usr/bin/lesspipe %s'), ('LANGUAGE', 'it:en'), ('USER', 'fortunato'), ('LC_TIME', 'it_IT.UTF-8'), ('ROS_PACKAGE_PATH', '/home/fortunato/ros2_ws/install/consenso_pkg/share'), ('XDG_SESSION_TYPE', 'wayland'), ('SHLVL', '1'), ('LD_LIBRARY_PATH', '/opt/ros/humble/opt/rviz_ogre_vendor/lib:/opt/ros/humble/lib/x86_64-linux-gnu:/opt/ros/humble/lib'), ('HOME', '/home/fortunato'), ('DESKTOP_SESSION', 'ubuntu'), ('ROS_PYTHON_VERSION', '3'), ('GNOME_SHELL_SESSION_MODE', 'ubuntu'), ('GTK_MODULES', 'gail:atk-bridge'), ('LC_MONETARY', 'it_IT.UTF-8'), ('SYSTEMD_EXEC_PID', '6412'), ('DBUS_SESSION_BUS_ADDRESS', 'unix:path=/run/user/1000/bus'), ('COLORTERM', 'truecolor'), ('_colcon_cd_root', '/home/fortunato/ros2_install'), ('MAVLINK_DIR', '/home/fortunato/ros2_ws/src/PX4-Autopilot/mavlink/include/mavlink/v2.0'), ('IM_CONFIG_PHASE', '1'), ('WAYLAND_DISPLAY', 'wayland-0'), ('COLCON_PREFIX_PATH', '/home/fortunato/ros2_ws/install'), ('ROS_DISTRO', 'humble'), ('LOGNAME', 'fortunato'), ('_', '/home/fortunato/.local/bin/colcon'), ('ROS_VERSION', '2'), ('PKG_CONFIG_PATH', '/home/fortunato/ros2_ws/install/consenso_pkg/lib/x86_64-linux-gnu/pkgconfig:/home/fortunato/ros2_ws/install/consenso_pkg/lib/pkgconfig'), ('XDG_SESSION_CLASS', 'user'), ('USERNAME', 'fortunato'), ('TERM', 'xterm-256color'), ('GAZEBO_MODEL_PATH', '/usr/share/gazebo-11/models:/home/fortunato/ros2_ws/src/PX4-Autopilot/Tools/sitl_gazebo/models:/home/fortunato/ros2_ws/src/cameras/models:'), ('GNOME_DESKTOP_SESSION_ID', 'this-is-deprecated'), ('ROS_LOCALHOST_ONLY', '0'), ('PATH', '/opt/ros/humble/bin:/home/fortunato/.local/bin:/usr/local/sbin:/usr/local/bin:/usr/sbin:/usr/bin:/sbin:/bin:/usr/games:/usr/local/games:/snap/bin:/snap/bin'), ('SESSION_MANAGER', 'local/fortunato-Swift-SF314-54:@/tmp/.ICE-unix/2537,unix/fortunato-Swift-SF314-54:/tmp/.ICE-unix/2537'), ('PAPERSIZE', 'a4'), ('XDG_MENU_PREFIX', 'gnome-'), ('LC_ADDRESS', 'it_IT.UTF-8'), ('GNOME_TERMINAL_SCREEN', '/org/gnome/Terminal/screen/3113ae5f_2b58_4139_bc9a_e994d9809257'), ('GNOME_SETUP_DISPLAY', ':1'), ('XDG_RUNTIME_DIR', '/run/user/1000'), ('DISPLAY', ':0'), ('LANG', 'it_IT.UTF-8'), ('XDG_CURRENT_DESKTOP', 'ubuntu:GNOME'), ('LC_TELEPHONE', 'it_IT.UTF-8'), ('XMODIFIERS', '@im=ibus'), ('XDG_SESSION_DESKTOP', 'ubuntu'), ('XAUTHORITY', '/run/user/1000/.mutter-Xwaylandauth.JNCGG3'), ('LS_COLORS', 'rs=0:di=01;34:ln=01;36:mh=00:pi=40;33:so=01;35:do=01;35:bd=40;33;01:cd=40;33;01:or=40;31;01:mi=00:su=37;41:sg=30;43:ca=30;41:tw=30;42:ow=34;42:st=37;44:ex=01;32:*.tar=01;31:*.tgz=01;31:*.arc=01;31:*.arj=01;31:*.taz=01;31:*.lha=01;31:*.lz4=01;31:*.lzh=01;31:*.lzma=01;31:*.tlz=01;31:*.txz=01;31:*.tzo=01;31:*.t7z=01;31:*.zip=01;31:*.z=01;31:*.dz=01;31:*.gz=01;31:*.lrz=01;31:*.lz=01;31:*.lzo=01;31:*.xz=01;31:*.zst=01;31:*.tzst=01;31:*.bz2=01;31:*.bz=01;31:*.tbz=01;31:*.tbz2=01;31:*.tz=01;31:*.deb=01;31:*.rpm=01;31:*.jar=01;31:*.war=01;31:*.ear=01;31:*.sar=01;31:*.rar=01;31:*.alz=01;31:*.ace=01;31:*.zoo=01;31:*.cpio=01;31:*.7z=01;31:*.rz=01;31:*.cab=01;31:*.wim=01;31:*.swm=01;31:*.dwm=01;31:*.esd=01;31:*.jpg=01;35:*.jpeg=01;35:*.mjpg=01;35:*.mjpeg=01;35:*.gif=01;35:*.bmp=01;35:*.pbm=01;35:*.pgm=01;35:*.ppm=01;35:*.tga=01;35:*.xbm=01;35:*.xpm=01;35:*.tif=01;35:*.tiff=01;35:*.png=01;35:*.svg=01;35:*.svgz=01;35:*.mng=01;35:*.pcx=01;35:*.mov=01;35:*.mpg=01;35:*.mpeg=01;35:*.m2v=01;35:*.mkv=01;35:*.webm=01;35:*.webp=01;35:*.ogm=01;35:*.mp4=01;35:*.m4v=01;35:*.mp4v=01;35:*.vob=01;35:*.qt=01;35:*.nuv=01;35:*.wmv=01;35:*.asf=01;35:*.rm=01;35:*.rmvb=01;35:*.flc=01;35:*.avi=01;35:*.fli=01;35:*.flv=01;35:*.gl=01;35:*.dl=01;35:*.xcf=01;35:*.xwd=01;35:*.yuv=01;35:*.cgm=01;35:*.emf=01;35:*.ogv=01;35:*.ogx=01;35:*.aac=00;36:*.au=00;36:*.flac=00;36:*.m4a=00;36:*.mid=00;36:*.midi=00;36:*.mka=00;36:*.mp3=00;36:*.mpc=00;36:*.ogg=00;36:*.ra=00;36:*.wav=00;36:*.oga=00;36:*.opus=00;36:*.spx=00;36:*.xspf=00;36:'), ('GNOME_TERMINAL_SERVICE', ':1.153'), ('SSH_AGENT_LAUNCHER', 'gnome-keyring'), ('SSH_AUTH_SOCK', '/run/user/1000/keyring/ssh'), ('AMENT_PREFIX_PATH', '/home/fortunato/ros2_ws/install/dynamic_consensus:/opt/ros/humble'), ('SHELL', '/bin/bash'), ('LC_NAME', 'it_IT.UTF-8'), ('QT_ACCESSIBILITY', '1'), ('GDMSESSION', 'ubuntu'), ('LESSCLOSE', '/usr/bin/lesspipe %s %s'), ('LC_MEASUREMENT', 'it_IT.UTF-8'), ('GAZEBO_RESOURCE_PATH', '/usr/share/gazebo-11:'), ('LC_IDENTIFICATION', 'it_IT.UTF-8'), ('QT_IM_MODULE', 'ibus'), ('PWD', '/home/fortunato/ros2_ws/build/dynamic_consensus'), ('LC_ALL', 'en_US.UTF-8'), ('XDG_CONFIG_DIRS', '/etc/xdg/xdg-ubuntu:/etc/xdg'), ('GAZEBO_PLUGIN_PATH', '/usr/lib/x86_64-linux-gnu/gazebo-11/plugins:/home/fortunato/ros2_ws/src/PX4-Autopilot/build/px4_sitl_default/build_gazebo-classic:'), ('XDG_DATA_DIRS', '/usr/share/ubuntu:/usr/local/share/:/usr/share/:/var/lib/snapd/desktop'), ('PYTHONPATH', '/opt/ros/humble/lib/python3.10/site-packages:/opt/ros/humble/local/lib/python3.10/dist-packages'), ('LC_NUMERIC', 'it_IT.UTF-8'), ('LC_PAPER', 'it_IT.UTF-8'), ('COLCON', '1'), ('VTE_VERSION', '6800'), ('CMAKE_PREFIX_PATH', '/home/fortunato/ros2_ws/install/dynamic_consensus:/opt/ros/humble')]), 'shell': False}
[0.124143] (dynamic_consensus) StdoutLine: {'line': b'-- Install configuration: ""\n'}
[0.124982] (dynamic_consensus) StdoutLine: {'line': b'-- Up-to-date: /home/fortunato/ros2_ws/install/dynamic_consensus/lib/dynamic_consensus/consensus_node\n'}
[0.126060] (dynamic_consensus) StdoutLine: {'line': b'-- Up-to-date: /home/fortunato/ros2_ws/install/dynamic_consensus/lib/dynamic_consensus/signal_generator_node\n'}
[0.127015] (dynamic_consensus) StdoutLine: {'line': b'-- Up-to-date: /home/fortunato/ros2_ws/install/dynamic_consensus/lib/dynamic_consensus/average_calc_node\n'}
[0.127304] (dynamic_consensus) StdoutLine: {'line': b'-- Up-to-date: /home/fortunato/ros2_ws/install/dynamic_consensus/share/dynamic_consensus/launch\n'}
[0.127590] (dynamic_consensus) StdoutLine: {'line': b'-- Up-to-date: /home/fortunato/ros2_ws/install/dynamic_consensus/share/dynamic_consensus/launch/consensus_system_launch.launch\n'}
[0.127663] (dynamic_consensus) StdoutLine: {'line': b'-- Up-to-date: /home/fortunato/ros2_ws/install/dynamic_consensus/share/ament_index/resource_index/package_run_dependencies/dynamic_consensus\n'}
[0.127725] (dynamic_consensus) StdoutLine: {'line': b'-- Up-to-date: /home/fortunato/ros2_ws/install/dynamic_consensus/share/ament_index/resource_index/parent_prefix_path/dynamic_consensus\n'}
[0.127803] (dynamic_consensus) StdoutLine: {'line': b'-- Up-to-date: /home/fortunato/ros2_ws/install/dynamic_consensus/share/dynamic_consensus/environment/ament_prefix_path.sh\n'}
[0.127902] (dynamic_consensus) StdoutLine: {'line': b'-- Up-to-date: /home/fortunato/ros2_ws/install/dynamic_consensus/share/dynamic_consensus/environment/ament_prefix_path.dsv\n'}
[0.128071] (dynamic_consensus) StdoutLine: {'line': b'-- Up-to-date: /home/fortunato/ros2_ws/install/dynamic_consensus/share/dynamic_consensus/environment/path.sh\n'}
[0.128206] (dynamic_consensus) StdoutLine: {'line': b'-- Up-to-date: /home/fortunato/ros2_ws/install/dynamic_consensus/share/dynamic_consensus/environment/path.dsv\n'}
[0.128337] (dynamic_consensus) StdoutLine: {'line': b'-- Up-to-date: /home/fortunato/ros2_ws/install/dynamic_consensus/share/dynamic_consensus/local_setup.bash\n'}
[0.128454] (dynamic_consensus) StdoutLine: {'line': b'-- Up-to-date: /home/fortunato/ros2_ws/install/dynamic_consensus/share/dynamic_consensus/local_setup.sh\n'}
[0.128593] (dynamic_consensus) StdoutLine: {'line': b'-- Up-to-date: /home/fortunato/ros2_ws/install/dynamic_consensus/share/dynamic_consensus/local_setup.zsh\n'}
[0.128737] (dynamic_consensus) StdoutLine: {'line': b'-- Up-to-date: /home/fortunato/ros2_ws/install/dynamic_consensus/share/dynamic_consensus/local_setup.dsv\n'}
[0.128868] (dynamic_consensus) StdoutLine: {'line': b'-- Installing: /home/fortunato/ros2_ws/install/dynamic_consensus/share/dynamic_consensus/package.dsv\n'}
[0.128999] (dynamic_consensus) StdoutLine: {'line': b'-- Up-to-date: /home/fortunato/ros2_ws/install/dynamic_consensus/share/ament_index/resource_index/packages/dynamic_consensus\n'}
[0.129087] (dynamic_consensus) StdoutLine: {'line': b'-- Up-to-date: /home/fortunato/ros2_ws/install/dynamic_consensus/share/dynamic_consensus/cmake/dynamic_consensusConfig.cmake\n'}
[0.129149] (dynamic_consensus) StdoutLine: {'line': b'-- Up-to-date: /home/fortunato/ros2_ws/install/dynamic_consensus/share/dynamic_consensus/cmake/dynamic_consensusConfig-version.cmake\n'}
[0.129209] (dynamic_consensus) StdoutLine: {'line': b'-- Up-to-date: /home/fortunato/ros2_ws/install/dynamic_consensus/share/dynamic_consensus/package.xml\n'}
[0.130269] (dynamic_consensus) CommandEnded: {'returncode': 0}
[0.166082] (dynamic_consensus) JobEnded: {'identifier': 'dynamic_consensus', 'rc': 0}
[0.199538] (-) TimerEvent: {}
[0.299849] (-) TimerEvent: {}
[0.400180] (-) TimerEvent: {}
[0.500466] (-) TimerEvent: {}
[0.600747] (-) TimerEvent: {}
[0.701044] (-) TimerEvent: {}
[0.801352] (-) TimerEvent: {}
[0.901694] (-) TimerEvent: {}
[1.002013] (-) TimerEvent: {}
[1.102393] (-) TimerEvent: {}
[1.202762] (-) TimerEvent: {}
[1.303051] (-) TimerEvent: {}
[1.403367] (-) TimerEvent: {}
[1.503695] (-) TimerEvent: {}
[1.603928] (-) TimerEvent: {}
[1.704215] (-) TimerEvent: {}
[1.804496] (-) TimerEvent: {}
[1.904746] (-) TimerEvent: {}
[2.005007] (-) TimerEvent: {}
[2.105255] (-) TimerEvent: {}
[2.205601] (-) TimerEvent: {}
[2.305832] (-) TimerEvent: {}
[2.406078] (-) TimerEvent: {}
[2.506307] (-) TimerEvent: {}
[2.606634] (-) TimerEvent: {}
[2.706926] (-) TimerEvent: {}
[2.807222] (-) TimerEvent: {}
[2.907497] (-) TimerEvent: {}
[3.007754] (-) TimerEvent: {}
[3.073624] (consenso_pkg) StderrLine: {'line': b'\x1b[01m\x1b[K/home/fortunato/ros2_ws/src/consenso/src/nodo.cpp:\x1b[m\x1b[K In constructor \xe2\x80\x98\x1b[01m\x1b[KNodoConsenso::NodoConsenso()\x1b[m\x1b[K\xe2\x80\x99:\n'}
[3.074215] (consenso_pkg) StderrLine: {'line': b'\x1b[01m\x1b[K/home/fortunato/ros2_ws/src/consenso/src/nodo.cpp:17:20:\x1b[m\x1b[K \x1b[01;31m\x1b[Kerror: \x1b[m\x1b[Kexpected identifier before numeric constant\n'}
[3.074286] (consenso_pkg) StderrLine: {'line': b'   17 |         neighbors=[\x1b[01;31m\x1b[K0\x1b[m\x1b[K,0];\n'}
[3.074340] (consenso_pkg) StderrLine: {'line': b'      |                    \x1b[01;31m\x1b[K^\x1b[m\x1b[K\n'}
[3.074391] (consenso_pkg) StderrLine: {'line': b'\x1b[01m\x1b[K/home/fortunato/ros2_ws/src/consenso/src/nodo.cpp:17:21:\x1b[m\x1b[K \x1b[01;31m\x1b[Kerror: \x1b[m\x1b[Kexpected \xe2\x80\x98\x1b[01m\x1b[K]\x1b[m\x1b[K\xe2\x80\x99 before \xe2\x80\x98\x1b[01m\x1b[K,\x1b[m\x1b[K\xe2\x80\x99 token\n'}
[3.074442] (consenso_pkg) StderrLine: {'line': b'   17 |         neighbors=[0\x1b[01;31m\x1b[K,\x1b[m\x1b[K0];\n'}
[3.074492] (consenso_pkg) StderrLine: {'line': b'      |                     \x1b[01;31m\x1b[K^\x1b[m\x1b[K\n'}
[3.074555] (consenso_pkg) StderrLine: {'line': b'\x1b[01m\x1b[K/home/fortunato/ros2_ws/src/consenso/src/nodo.cpp:\x1b[m\x1b[K In lambda function:\n'}
[3.074609] (consenso_pkg) StderrLine: {'line': b'\x1b[01m\x1b[K/home/fortunato/ros2_ws/src/consenso/src/nodo.cpp:17:21:\x1b[m\x1b[K \x1b[01;31m\x1b[Kerror: \x1b[m\x1b[Kexpected \xe2\x80\x98\x1b[01m\x1b[K{\x1b[m\x1b[K\xe2\x80\x99 before \xe2\x80\x98\x1b[01m\x1b[K,\x1b[m\x1b[K\xe2\x80\x99 token\n'}
[3.074660] (consenso_pkg) StderrLine: {'line': b'\x1b[01m\x1b[K/home/fortunato/ros2_ws/src/consenso/src/nodo.cpp:\x1b[m\x1b[K In constructor \xe2\x80\x98\x1b[01m\x1b[KNodoConsenso::NodoConsenso()\x1b[m\x1b[K\xe2\x80\x99:\n'}
[3.074710] (consenso_pkg) StderrLine: {'line': b'\x1b[01m\x1b[K/home/fortunato/ros2_ws/src/consenso/src/nodo.cpp:17:21:\x1b[m\x1b[K \x1b[01;31m\x1b[Kerror: \x1b[m\x1b[Kno match for \xe2\x80\x98\x1b[01m\x1b[Koperator=\x1b[m\x1b[K\xe2\x80\x99 (operand types are \xe2\x80\x98\x1b[01m\x1b[KEigen::VectorXd\x1b[m\x1b[K\xe2\x80\x99 {aka \xe2\x80\x98\x1b[01m\x1b[KEigen::Matrix<double, -1, 1>\x1b[m\x1b[K\xe2\x80\x99} and \xe2\x80\x98\x1b[01m\x1b[KNodoConsenso::NodoConsenso()::<lambda()>\x1b[m\x1b[K\xe2\x80\x99)\n'}
[3.074765] (consenso_pkg) StderrLine: {'line': b'In file included from \x1b[01m\x1b[K/usr/include/eigen3/Eigen/Core:295\x1b[m\x1b[K,\n'}
[3.074814] (consenso_pkg) StderrLine: {'line': b'                 from \x1b[01m\x1b[K/usr/include/eigen3/Eigen/Dense:1\x1b[m\x1b[K,\n'}
[3.074869] (consenso_pkg) StderrLine: {'line': b'                 from \x1b[01m\x1b[K/home/fortunato/ros2_ws/src/consenso/src/nodo.cpp:3\x1b[m\x1b[K:\n'}
[3.074918] (consenso_pkg) StderrLine: {'line': b'\x1b[01m\x1b[K/usr/include/eigen3/Eigen/src/Core/Matrix.h:223:33:\x1b[m\x1b[K \x1b[01;36m\x1b[Knote: \x1b[m\x1b[Kcandidate: \xe2\x80\x98\x1b[01m\x1b[Ktemplate<class OtherDerived> Eigen::Matrix<_Scalar, _Rows, _Cols, _Options, _MaxRows, _MaxCols>& Eigen::Matrix<_Scalar, _Rows, _Cols, _Options, _MaxRows, _MaxCols>::operator=(const Eigen::DenseBase<OtherDerived>&) [with OtherDerived = OtherDerived; _Scalar = double; int _Rows = -1; int _Cols = 1; int _Options = 0; int _MaxRows = -1; int _MaxCols = 1]\x1b[m\x1b[K\xe2\x80\x99\n'}
[3.074971] (consenso_pkg) StderrLine: {'line': b'  223 |     EIGEN_STRONG_INLINE Matrix& \x1b[01;36m\x1b[Koperator\x1b[m\x1b[K=(const DenseBase<OtherDerived>& other)\n'}
[3.075020] (consenso_pkg) StderrLine: {'line': b'      |                                 \x1b[01;36m\x1b[K^~~~~~~~\x1b[m\x1b[K\n'}
[3.075069] (consenso_pkg) StderrLine: {'line': b'\x1b[01m\x1b[K/usr/include/eigen3/Eigen/src/Core/Matrix.h:223:33:\x1b[m\x1b[K \x1b[01;36m\x1b[Knote: \x1b[m\x1b[K  template argument deduction/substitution failed:\n'}
[3.075118] (consenso_pkg) StderrLine: {'line': b'\x1b[01m\x1b[K/home/fortunato/ros2_ws/src/consenso/src/nodo.cpp:17:21:\x1b[m\x1b[K \x1b[01;36m\x1b[Knote: \x1b[m\x1b[K  \xe2\x80\x98\x1b[01m\x1b[KNodoConsenso::NodoConsenso()::<lambda()>\x1b[m\x1b[K\xe2\x80\x99 is not derived from \xe2\x80\x98\x1b[01m\x1b[Kconst Eigen::DenseBase<Derived>\x1b[m\x1b[K\xe2\x80\x99\n'}
[3.075185] (consenso_pkg) StderrLine: {'line': b'   17 |         neighbors=[0\x1b[01;36m\x1b[K,\x1b[m\x1b[K0];\n'}
[3.075247] (consenso_pkg) StderrLine: {'line': b'      |                     \x1b[01;36m\x1b[K^\x1b[m\x1b[K\n'}
[3.075307] (consenso_pkg) StderrLine: {'line': b'In file included from \x1b[01m\x1b[K/usr/include/eigen3/Eigen/Core:295\x1b[m\x1b[K,\n'}
[3.075367] (consenso_pkg) StderrLine: {'line': b'                 from \x1b[01m\x1b[K/usr/include/eigen3/Eigen/Dense:1\x1b[m\x1b[K,\n'}
[3.075427] (consenso_pkg) StderrLine: {'line': b'                 from \x1b[01m\x1b[K/home/fortunato/ros2_ws/src/consenso/src/nodo.cpp:3\x1b[m\x1b[K:\n'}
[3.075486] (consenso_pkg) StderrLine: {'line': b'\x1b[01m\x1b[K/usr/include/eigen3/Eigen/src/Core/Matrix.h:236:33:\x1b[m\x1b[K \x1b[01;36m\x1b[Knote: \x1b[m\x1b[Kcandidate: \xe2\x80\x98\x1b[01m\x1b[Ktemplate<class OtherDerived> Eigen::Matrix<_Scalar, _Rows, _Cols, _Options, _MaxRows, _MaxCols>& Eigen::Matrix<_Scalar, _Rows, _Cols, _Options, _MaxRows, _MaxCols>::operator=(const Eigen::EigenBase<OtherDerived>&) [with OtherDerived = OtherDerived; _Scalar = double; int _Rows = -1; int _Cols = 1; int _Options = 0; int _MaxRows = -1; int _MaxCols = 1]\x1b[m\x1b[K\xe2\x80\x99\n'}
[3.075650] (consenso_pkg) StderrLine: {'line': b'  236 |     EIGEN_STRONG_INLINE Matrix& \x1b[01;36m\x1b[Koperator\x1b[m\x1b[K=(const EigenBase<OtherDerived> &other)\n'}
[3.075721] (consenso_pkg) StderrLine: {'line': b'      |                                 \x1b[01;36m\x1b[K^~~~~~~~\x1b[m\x1b[K\n'}
[3.075775] (consenso_pkg) StderrLine: {'line': b'\x1b[01m\x1b[K/usr/include/eigen3/Eigen/src/Core/Matrix.h:236:33:\x1b[m\x1b[K \x1b[01;36m\x1b[Knote: \x1b[m\x1b[K  template argument deduction/substitution failed:\n'}
[3.075834] (consenso_pkg) StderrLine: {'line': b'\x1b[01m\x1b[K/home/fortunato/ros2_ws/src/consenso/src/nodo.cpp:17:21:\x1b[m\x1b[K \x1b[01;36m\x1b[Knote: \x1b[m\x1b[K  \xe2\x80\x98\x1b[01m\x1b[KNodoConsenso::NodoConsenso()::<lambda()>\x1b[m\x1b[K\xe2\x80\x99 is not derived from \xe2\x80\x98\x1b[01m\x1b[Kconst Eigen::EigenBase<Derived>\x1b[m\x1b[K\xe2\x80\x99\n'}
[3.075887] (consenso_pkg) StderrLine: {'line': b'   17 |         neighbors=[0\x1b[01;36m\x1b[K,\x1b[m\x1b[K0];\n'}
[3.075936] (consenso_pkg) StderrLine: {'line': b'      |                     \x1b[01;36m\x1b[K^\x1b[m\x1b[K\n'}
[3.075989] (consenso_pkg) StderrLine: {'line': b'In file included from \x1b[01m\x1b[K/usr/include/eigen3/Eigen/Core:295\x1b[m\x1b[K,\n'}
[3.076041] (consenso_pkg) StderrLine: {'line': b'                 from \x1b[01m\x1b[K/usr/include/eigen3/Eigen/Dense:1\x1b[m\x1b[K,\n'}
[3.076093] (consenso_pkg) StderrLine: {'line': b'                 from \x1b[01m\x1b[K/home/fortunato/ros2_ws/src/consenso/src/nodo.cpp:3\x1b[m\x1b[K:\n'}
[3.076142] (consenso_pkg) StderrLine: {'line': b'\x1b[01m\x1b[K/usr/include/eigen3/Eigen/src/Core/Matrix.h:243:33:\x1b[m\x1b[K \x1b[01;36m\x1b[Knote: \x1b[m\x1b[Kcandidate: \xe2\x80\x98\x1b[01m\x1b[Ktemplate<class OtherDerived> Eigen::Matrix<_Scalar, _Rows, _Cols, _Options, _MaxRows, _MaxCols>& Eigen::Matrix<_Scalar, _Rows, _Cols, _Options, _MaxRows, _MaxCols>::operator=(const Eigen::ReturnByValue<OtherDerived>&) [with OtherDerived = OtherDerived; _Scalar = double; int _Rows = -1; int _Cols = 1; int _Options = 0; int _MaxRows = -1; int _MaxCols = 1]\x1b[m\x1b[K\xe2\x80\x99\n'}
[3.076195] (consenso_pkg) StderrLine: {'line': b'  243 |     EIGEN_STRONG_INLINE Matrix& \x1b[01;36m\x1b[Koperator\x1b[m\x1b[K=(const ReturnByValue<OtherDerived>& func)\n'}
[3.076243] (consenso_pkg) StderrLine: {'line': b'      |                                 \x1b[01;36m\x1b[K^~~~~~~~\x1b[m\x1b[K\n'}
[3.076290] (consenso_pkg) StderrLine: {'line': b'\x1b[01m\x1b[K/usr/include/eigen3/Eigen/src/Core/Matrix.h:243:33:\x1b[m\x1b[K \x1b[01;36m\x1b[Knote: \x1b[m\x1b[K  template argument deduction/substitution failed:\n'}
[3.076338] (consenso_pkg) StderrLine: {'line': b'\x1b[01m\x1b[K/home/fortunato/ros2_ws/src/consenso/src/nodo.cpp:17:21:\x1b[m\x1b[K \x1b[01;36m\x1b[Knote: \x1b[m\x1b[K  \xe2\x80\x98\x1b[01m\x1b[KNodoConsenso::NodoConsenso()::<lambda()>\x1b[m\x1b[K\xe2\x80\x99 is not derived from \xe2\x80\x98\x1b[01m\x1b[Kconst Eigen::ReturnByValue<Derived>\x1b[m\x1b[K\xe2\x80\x99\n'}
[3.076388] (consenso_pkg) StderrLine: {'line': b'   17 |         neighbors=[0\x1b[01;36m\x1b[K,\x1b[m\x1b[K0];\n'}
[3.076435] (consenso_pkg) StderrLine: {'line': b'      |                     \x1b[01;36m\x1b[K^\x1b[m\x1b[K\n'}
[3.076483] (consenso_pkg) StderrLine: {'line': b'In file included from \x1b[01m\x1b[K/usr/include/eigen3/Eigen/Core:295\x1b[m\x1b[K,\n'}
[3.076537] (consenso_pkg) StderrLine: {'line': b'                 from \x1b[01m\x1b[K/usr/include/eigen3/Eigen/Dense:1\x1b[m\x1b[K,\n'}
[3.076592] (consenso_pkg) StderrLine: {'line': b'                 from \x1b[01m\x1b[K/home/fortunato/ros2_ws/src/consenso/src/nodo.cpp:3\x1b[m\x1b[K:\n'}
[3.076671] (consenso_pkg) StderrLine: {'line': b'\x1b[01m\x1b[K/usr/include/eigen3/Eigen/src/Core/Matrix.h:438:13:\x1b[m\x1b[K \x1b[01;36m\x1b[Knote: \x1b[m\x1b[Kcandidate: \xe2\x80\x98\x1b[01m\x1b[Ktemplate<class OtherDerived> Eigen::Matrix<_Scalar, _Rows, _Cols, _Options, _MaxRows, _MaxCols>& Eigen::Matrix<_Scalar, _Rows, _Cols, _Options, _MaxRows, _MaxCols>::operator=(const Eigen::RotationBase<OtherDerived, Eigen::Matrix<_Scalar, _Rows, _Cols, _Options, _MaxRows, _MaxCols>::ColsAtCompileTime>&) [with OtherDerived = OtherDerived; _Scalar = double; int _Rows = -1; int _Cols = 1; int _Options = 0; int _MaxRows = -1; int _MaxCols = 1]\x1b[m\x1b[K\xe2\x80\x99\n'}
[3.076725] (consenso_pkg) StderrLine: {'line': b'  438 |     Matrix& \x1b[01;36m\x1b[Koperator\x1b[m\x1b[K=(const RotationBase<OtherDerived,ColsAtCompileTime>& r);\n'}
[3.076805] (consenso_pkg) StderrLine: {'line': b'      |             \x1b[01;36m\x1b[K^~~~~~~~\x1b[m\x1b[K\n'}
[3.076883] (consenso_pkg) StderrLine: {'line': b'\x1b[01m\x1b[K/usr/include/eigen3/Eigen/src/Core/Matrix.h:438:13:\x1b[m\x1b[K \x1b[01;36m\x1b[Knote: \x1b[m\x1b[K  template argument deduction/substitution failed:\n'}
[3.076962] (consenso_pkg) StderrLine: {'line': b'\x1b[01m\x1b[K/home/fortunato/ros2_ws/src/consenso/src/nodo.cpp:17:21:\x1b[m\x1b[K \x1b[01;36m\x1b[Knote: \x1b[m\x1b[K  \xe2\x80\x98\x1b[01m\x1b[KNodoConsenso::NodoConsenso()::<lambda()>\x1b[m\x1b[K\xe2\x80\x99 is not derived from \xe2\x80\x98\x1b[01m\x1b[Kconst Eigen::RotationBase<OtherDerived, 1>\x1b[m\x1b[K\xe2\x80\x99\n'}
[3.077044] (consenso_pkg) StderrLine: {'line': b'   17 |         neighbors=[0\x1b[01;36m\x1b[K,\x1b[m\x1b[K0];\n'}
[3.077182] (consenso_pkg) StderrLine: {'line': b'      |                     \x1b[01;36m\x1b[K^\x1b[m\x1b[K\n'}
[3.077245] (consenso_pkg) StderrLine: {'line': b'In file included from \x1b[01m\x1b[K/usr/include/eigen3/Eigen/Core:295\x1b[m\x1b[K,\n'}
[3.077359] (consenso_pkg) StderrLine: {'line': b'                 from \x1b[01m\x1b[K/usr/include/eigen3/Eigen/Dense:1\x1b[m\x1b[K,\n'}
[3.077424] (consenso_pkg) StderrLine: {'line': b'                 from \x1b[01m\x1b[K/home/fortunato/ros2_ws/src/consenso/src/nodo.cpp:3\x1b[m\x1b[K:\n'}
[3.077480] (consenso_pkg) StderrLine: {'line': b'\x1b[01m\x1b[K/usr/include/eigen3/Eigen/src/Core/Matrix.h:206:33:\x1b[m\x1b[K \x1b[01;36m\x1b[Knote: \x1b[m\x1b[Kcandidate: \xe2\x80\x98\x1b[01m\x1b[KEigen::Matrix<_Scalar, _Rows, _Cols, _Options, _MaxRows, _MaxCols>& Eigen::Matrix<_Scalar, _Rows, _Cols, _Options, _MaxRows, _MaxCols>::operator=(const Eigen::Matrix<_Scalar, _Rows, _Cols, _Options, _MaxRows, _MaxCols>&) [with _Scalar = double; int _Rows = -1; int _Cols = 1; int _Options = 0; int _MaxRows = -1; int _MaxCols = 1]\x1b[m\x1b[K\xe2\x80\x99\n'}
[3.077783] (consenso_pkg) StderrLine: {'line': b'  206 |     EIGEN_STRONG_INLINE Matrix& \x1b[01;36m\x1b[Koperator\x1b[m\x1b[K=(const Matrix& other)\n'}
[3.077961] (consenso_pkg) StderrLine: {'line': b'      |                                 \x1b[01;36m\x1b[K^~~~~~~~\x1b[m\x1b[K\n'}
[3.078018] (consenso_pkg) StderrLine: {'line': b'\x1b[01m\x1b[K/usr/include/eigen3/Eigen/src/Core/Matrix.h:206:57:\x1b[m\x1b[K \x1b[01;36m\x1b[Knote: \x1b[m\x1b[K  no known conversion for argument 1 from \xe2\x80\x98\x1b[01m\x1b[KNodoConsenso::NodoConsenso()::<lambda()>\x1b[m\x1b[K\xe2\x80\x99 to \xe2\x80\x98\x1b[01m\x1b[Kconst Eigen::Matrix<double, -1, 1>&\x1b[m\x1b[K\xe2\x80\x99\n'}
[3.078071] (consenso_pkg) StderrLine: {'line': b'  206 |     EIGEN_STRONG_INLINE Matrix& operator=(\x1b[01;36m\x1b[Kconst Matrix& other\x1b[m\x1b[K)\n'}
[3.078121] (consenso_pkg) StderrLine: {'line': b'      |                                           \x1b[01;36m\x1b[K~~~~~~~~~~~~~~^~~~~\x1b[m\x1b[K\n'}
[3.078170] (consenso_pkg) StderrLine: {'line': b'\x1b[01m\x1b[K/usr/include/eigen3/Eigen/src/Core/Matrix.h:279:13:\x1b[m\x1b[K \x1b[01;36m\x1b[Knote: \x1b[m\x1b[Kcandidate: \xe2\x80\x98\x1b[01m\x1b[KEigen::Matrix<_Scalar, _Rows, _Cols, _Options, _MaxRows, _MaxCols>& Eigen::Matrix<_Scalar, _Rows, _Cols, _Options, _MaxRows, _MaxCols>::operator=(Eigen::Matrix<_Scalar, _Rows, _Cols, _Options, _MaxRows, _MaxCols>&&) [with _Scalar = double; int _Rows = -1; int _Cols = 1; int _Options = 0; int _MaxRows = -1; int _MaxCols = 1]\x1b[m\x1b[K\xe2\x80\x99\n'}
[3.078235] (consenso_pkg) StderrLine: {'line': b'  279 |     Matrix& \x1b[01;36m\x1b[Koperator\x1b[m\x1b[K=(Matrix&& other) EIGEN_NOEXCEPT_IF(std::is_nothrow_move_assignable<Scalar>::value)\n'}
[3.078286] (consenso_pkg) StderrLine: {'line': b'      |             \x1b[01;36m\x1b[K^~~~~~~~\x1b[m\x1b[K\n'}
[3.078334] (consenso_pkg) StderrLine: {'line': b'\x1b[01m\x1b[K/usr/include/eigen3/Eigen/src/Core/Matrix.h:279:32:\x1b[m\x1b[K \x1b[01;36m\x1b[Knote: \x1b[m\x1b[K  no known conversion for argument 1 from \xe2\x80\x98\x1b[01m\x1b[KNodoConsenso::NodoConsenso()::<lambda()>\x1b[m\x1b[K\xe2\x80\x99 to \xe2\x80\x98\x1b[01m\x1b[KEigen::Matrix<double, -1, 1>&&\x1b[m\x1b[K\xe2\x80\x99\n'}
[3.078385] (consenso_pkg) StderrLine: {'line': b'  279 |     Matrix& operator=(\x1b[01;36m\x1b[KMatrix&& other\x1b[m\x1b[K) EIGEN_NOEXCEPT_IF(std::is_nothrow_move_assignable<Scalar>::value)\n'}
[3.078433] (consenso_pkg) StderrLine: {'line': b'      |                       \x1b[01;36m\x1b[K~~~~~~~~~^~~~~\x1b[m\x1b[K\n'}
[3.078481] (consenso_pkg) StderrLine: {'line': b'\x1b[01m\x1b[K/home/fortunato/ros2_ws/src/consenso/src/nodo.cpp:40:20:\x1b[m\x1b[K \x1b[01;31m\x1b[Kerror: \x1b[m\x1b[Kcapture of non-variable \xe2\x80\x98\x1b[01m\x1b[KNodoConsenso::idl\x1b[m\x1b[K\xe2\x80\x99\n'}
[3.078537] (consenso_pkg) StderrLine: {'line': b'   40 |             [this, \x1b[01;31m\x1b[Kidl\x1b[m\x1b[K](const example_interfaces::msg::Float64MultiArray::SharedPtr msg)\n'}
[3.078596] (consenso_pkg) StderrLine: {'line': b'      |                    \x1b[01;31m\x1b[K^~~\x1b[m\x1b[K\n'}
[3.078644] (consenso_pkg) StderrLine: {'line': b'\x1b[01m\x1b[K/home/fortunato/ros2_ws/src/consenso/src/nodo.cpp:125:9:\x1b[m\x1b[K \x1b[01;36m\x1b[Knote: \x1b[m\x1b[K\xe2\x80\x98\x1b[01m\x1b[Kint NodoConsenso::idl\x1b[m\x1b[K\xe2\x80\x99 declared here\n'}
[3.078693] (consenso_pkg) StderrLine: {'line': b'  125 |     int \x1b[01;36m\x1b[Kidl\x1b[m\x1b[K,idr;\n'}
[3.078741] (consenso_pkg) StderrLine: {'line': b'      |         \x1b[01;36m\x1b[K^~~\x1b[m\x1b[K\n'}
[3.078788] (consenso_pkg) StderrLine: {'line': b'\x1b[01m\x1b[K/home/fortunato/ros2_ws/src/consenso/src/nodo.cpp:\x1b[m\x1b[K In lambda function:\n'}
[3.078836] (consenso_pkg) StderrLine: {'line': b'\x1b[01m\x1b[K/home/fortunato/ros2_ws/src/consenso/src/nodo.cpp:43:40:\x1b[m\x1b[K \x1b[01;31m\x1b[Kerror: \x1b[m\x1b[Kno match for \xe2\x80\x98\x1b[01m\x1b[Koperator=\x1b[m\x1b[K\xe2\x80\x99 (operand types are \xe2\x80\x98\x1b[01m\x1b[KEigen::MatrixXd\x1b[m\x1b[K\xe2\x80\x99 {aka \xe2\x80\x98\x1b[01m\x1b[KEigen::Matrix<double, -1, -1>\x1b[m\x1b[K\xe2\x80\x99} and \xe2\x80\x98\x1b[01m\x1b[Kexample_interfaces::msg::Float64MultiArray_<std::allocator<void> >::_data_type\x1b[m\x1b[K\xe2\x80\x99 {aka \xe2\x80\x98\x1b[01m\x1b[Kstd::vector<double, std::allocator<double> >\x1b[m\x1b[K\xe2\x80\x99})\n'}
[3.078888] (consenso_pkg) StderrLine: {'line': b'   43 |                     neighbor_Vl = msg->\x1b[01;31m\x1b[Kdata\x1b[m\x1b[K;\n'}
[3.078936] (consenso_pkg) StderrLine: {'line': b'      |                                        \x1b[01;31m\x1b[K^~~~\x1b[m\x1b[K\n'}
[3.078985] (consenso_pkg) StderrLine: {'line': b'In file included from \x1b[01m\x1b[K/usr/include/eigen3/Eigen/Core:295\x1b[m\x1b[K,\n'}
[3.079033] (consenso_pkg) StderrLine: {'line': b'                 from \x1b[01m\x1b[K/usr/include/eigen3/Eigen/Dense:1\x1b[m\x1b[K,\n'}
[3.079080] (consenso_pkg) StderrLine: {'line': b'                 from \x1b[01m\x1b[K/home/fortunato/ros2_ws/src/consenso/src/nodo.cpp:3\x1b[m\x1b[K:\n'}
[3.079128] (consenso_pkg) StderrLine: {'line': b'\x1b[01m\x1b[K/usr/include/eigen3/Eigen/src/Core/Matrix.h:223:33:\x1b[m\x1b[K \x1b[01;36m\x1b[Knote: \x1b[m\x1b[Kcandidate: \xe2\x80\x98\x1b[01m\x1b[Ktemplate<class OtherDerived> Eigen::Matrix<_Scalar, _Rows, _Cols, _Options, _MaxRows, _MaxCols>& Eigen::Matrix<_Scalar, _Rows, _Cols, _Options, _MaxRows, _MaxCols>::operator=(const Eigen::DenseBase<OtherDerived>&) [with OtherDerived = OtherDerived; _Scalar = double; int _Rows = -1; int _Cols = -1; int _Options = 0; int _MaxRows = -1; int _MaxCols = -1]\x1b[m\x1b[K\xe2\x80\x99\n'}
[3.079180] (consenso_pkg) StderrLine: {'line': b'  223 |     EIGEN_STRONG_INLINE Matrix& \x1b[01;36m\x1b[Koperator\x1b[m\x1b[K=(const DenseBase<OtherDerived>& other)\n'}
[3.079227] (consenso_pkg) StderrLine: {'line': b'      |                                 \x1b[01;36m\x1b[K^~~~~~~~\x1b[m\x1b[K\n'}
[3.079274] (consenso_pkg) StderrLine: {'line': b'\x1b[01m\x1b[K/usr/include/eigen3/Eigen/src/Core/Matrix.h:223:33:\x1b[m\x1b[K \x1b[01;36m\x1b[Knote: \x1b[m\x1b[K  template argument deduction/substitution failed:\n'}
[3.079325] (consenso_pkg) StderrLine: {'line': b'\x1b[01m\x1b[K/home/fortunato/ros2_ws/src/consenso/src/nodo.cpp:43:40:\x1b[m\x1b[K \x1b[01;36m\x1b[Knote: \x1b[m\x1b[K  \xe2\x80\x98\x1b[01m\x1b[Kexample_interfaces::msg::Float64MultiArray_<std::allocator<void> >::_data_type\x1b[m\x1b[K\xe2\x80\x99 {aka \xe2\x80\x98\x1b[01m\x1b[Kstd::vector<double, std::allocator<double> >\x1b[m\x1b[K\xe2\x80\x99} is not derived from \xe2\x80\x98\x1b[01m\x1b[Kconst Eigen::DenseBase<Derived>\x1b[m\x1b[K\xe2\x80\x99\n'}
[3.079376] (consenso_pkg) StderrLine: {'line': b'   43 |                     neighbor_Vl = msg->\x1b[01;36m\x1b[Kdata\x1b[m\x1b[K;\n'}
[3.079423] (consenso_pkg) StderrLine: {'line': b'      |                                        \x1b[01;36m\x1b[K^~~~\x1b[m\x1b[K\n'}
[3.079470] (consenso_pkg) StderrLine: {'line': b'In file included from \x1b[01m\x1b[K/usr/include/eigen3/Eigen/Core:295\x1b[m\x1b[K,\n'}
[3.079524] (consenso_pkg) StderrLine: {'line': b'                 from \x1b[01m\x1b[K/usr/include/eigen3/Eigen/Dense:1\x1b[m\x1b[K,\n'}
[3.079577] (consenso_pkg) StderrLine: {'line': b'                 from \x1b[01m\x1b[K/home/fortunato/ros2_ws/src/consenso/src/nodo.cpp:3\x1b[m\x1b[K:\n'}
[3.079624] (consenso_pkg) StderrLine: {'line': b'\x1b[01m\x1b[K/usr/include/eigen3/Eigen/src/Core/Matrix.h:236:33:\x1b[m\x1b[K \x1b[01;36m\x1b[Knote: \x1b[m\x1b[Kcandidate: \xe2\x80\x98\x1b[01m\x1b[Ktemplate<class OtherDerived> Eigen::Matrix<_Scalar, _Rows, _Cols, _Options, _MaxRows, _MaxCols>& Eigen::Matrix<_Scalar, _Rows, _Cols, _Options, _MaxRows, _MaxCols>::operator=(const Eigen::EigenBase<OtherDerived>&) [with OtherDerived = OtherDerived; _Scalar = double; int _Rows = -1; int _Cols = -1; int _Options = 0; int _MaxRows = -1; int _MaxCols = -1]\x1b[m\x1b[K\xe2\x80\x99\n'}
[3.079682] (consenso_pkg) StderrLine: {'line': b'  236 |     EIGEN_STRONG_INLINE Matrix& \x1b[01;36m\x1b[Koperator\x1b[m\x1b[K=(const EigenBase<OtherDerived> &other)\n'}
[3.079730] (consenso_pkg) StderrLine: {'line': b'      |                                 \x1b[01;36m\x1b[K^~~~~~~~\x1b[m\x1b[K\n'}
[3.079777] (consenso_pkg) StderrLine: {'line': b'\x1b[01m\x1b[K/usr/include/eigen3/Eigen/src/Core/Matrix.h:236:33:\x1b[m\x1b[K \x1b[01;36m\x1b[Knote: \x1b[m\x1b[K  template argument deduction/substitution failed:\n'}
[3.079824] (consenso_pkg) StderrLine: {'line': b'\x1b[01m\x1b[K/home/fortunato/ros2_ws/src/consenso/src/nodo.cpp:43:40:\x1b[m\x1b[K \x1b[01;36m\x1b[Knote: \x1b[m\x1b[K  \xe2\x80\x98\x1b[01m\x1b[Kexample_interfaces::msg::Float64MultiArray_<std::allocator<void> >::_data_type\x1b[m\x1b[K\xe2\x80\x99 {aka \xe2\x80\x98\x1b[01m\x1b[Kstd::vector<double, std::allocator<double> >\x1b[m\x1b[K\xe2\x80\x99} is not derived from \xe2\x80\x98\x1b[01m\x1b[Kconst Eigen::EigenBase<Derived>\x1b[m\x1b[K\xe2\x80\x99\n'}
[3.079873] (consenso_pkg) StderrLine: {'line': b'   43 |                     neighbor_Vl = msg->\x1b[01;36m\x1b[Kdata\x1b[m\x1b[K;\n'}
[3.079920] (consenso_pkg) StderrLine: {'line': b'      |                                        \x1b[01;36m\x1b[K^~~~\x1b[m\x1b[K\n'}
[3.079966] (consenso_pkg) StderrLine: {'line': b'In file included from \x1b[01m\x1b[K/usr/include/eigen3/Eigen/Core:295\x1b[m\x1b[K,\n'}
[3.080025] (consenso_pkg) StderrLine: {'line': b'                 from \x1b[01m\x1b[K/usr/include/eigen3/Eigen/Dense:1\x1b[m\x1b[K,\n'}
[3.080084] (consenso_pkg) StderrLine: {'line': b'                 from \x1b[01m\x1b[K/home/fortunato/ros2_ws/src/consenso/src/nodo.cpp:3\x1b[m\x1b[K:\n'}
[3.080130] (consenso_pkg) StderrLine: {'line': b'\x1b[01m\x1b[K/usr/include/eigen3/Eigen/src/Core/Matrix.h:243:33:\x1b[m\x1b[K \x1b[01;36m\x1b[Knote: \x1b[m\x1b[Kcandidate: \xe2\x80\x98\x1b[01m\x1b[Ktemplate<class OtherDerived> Eigen::Matrix<_Scalar, _Rows, _Cols, _Options, _MaxRows, _MaxCols>& Eigen::Matrix<_Scalar, _Rows, _Cols, _Options, _MaxRows, _MaxCols>::operator=(const Eigen::ReturnByValue<OtherDerived>&) [with OtherDerived = OtherDerived; _Scalar = double; int _Rows = -1; int _Cols = -1; int _Options = 0; int _MaxRows = -1; int _MaxCols = -1]\x1b[m\x1b[K\xe2\x80\x99\n'}
[3.080180] (consenso_pkg) StderrLine: {'line': b'  243 |     EIGEN_STRONG_INLINE Matrix& \x1b[01;36m\x1b[Koperator\x1b[m\x1b[K=(const ReturnByValue<OtherDerived>& func)\n'}
[3.080226] (consenso_pkg) StderrLine: {'line': b'      |                                 \x1b[01;36m\x1b[K^~~~~~~~\x1b[m\x1b[K\n'}
[3.080272] (consenso_pkg) StderrLine: {'line': b'\x1b[01m\x1b[K/usr/include/eigen3/Eigen/src/Core/Matrix.h:243:33:\x1b[m\x1b[K \x1b[01;36m\x1b[Knote: \x1b[m\x1b[K  template argument deduction/substitution failed:\n'}
[3.080318] (consenso_pkg) StderrLine: {'line': b'\x1b[01m\x1b[K/home/fortunato/ros2_ws/src/consenso/src/nodo.cpp:43:40:\x1b[m\x1b[K \x1b[01;36m\x1b[Knote: \x1b[m\x1b[K  \xe2\x80\x98\x1b[01m\x1b[Kexample_interfaces::msg::Float64MultiArray_<std::allocator<void> >::_data_type\x1b[m\x1b[K\xe2\x80\x99 {aka \xe2\x80\x98\x1b[01m\x1b[Kstd::vector<double, std::allocator<double> >\x1b[m\x1b[K\xe2\x80\x99} is not derived from \xe2\x80\x98\x1b[01m\x1b[Kconst Eigen::ReturnByValue<Derived>\x1b[m\x1b[K\xe2\x80\x99\n'}
[3.080378] (consenso_pkg) StderrLine: {'line': b'   43 |                     neighbor_Vl = msg->\x1b[01;36m\x1b[Kdata\x1b[m\x1b[K;\n'}
[3.080425] (consenso_pkg) StderrLine: {'line': b'      |                                        \x1b[01;36m\x1b[K^~~~\x1b[m\x1b[K\n'}
[3.080492] (consenso_pkg) StderrLine: {'line': b'In file included from \x1b[01m\x1b[K/usr/include/eigen3/Eigen/Core:295\x1b[m\x1b[K,\n'}
[3.080619] (consenso_pkg) StderrLine: {'line': b'                 from \x1b[01m\x1b[K/usr/include/eigen3/Eigen/Dense:1\x1b[m\x1b[K,\n'}
[3.080707] (consenso_pkg) StderrLine: {'line': b'                 from \x1b[01m\x1b[K/home/fortunato/ros2_ws/src/consenso/src/nodo.cpp:3\x1b[m\x1b[K:\n'}
[3.080813] (consenso_pkg) StderrLine: {'line': b'\x1b[01m\x1b[K/usr/include/eigen3/Eigen/src/Core/Matrix.h:438:13:\x1b[m\x1b[K \x1b[01;36m\x1b[Knote: \x1b[m\x1b[Kcandidate: \xe2\x80\x98\x1b[01m\x1b[Ktemplate<class OtherDerived> Eigen::Matrix<_Scalar, _Rows, _Cols, _Options, _MaxRows, _MaxCols>& Eigen::Matrix<_Scalar, _Rows, _Cols, _Options, _MaxRows, _MaxCols>::operator=(const Eigen::RotationBase<OtherDerived, Eigen::Matrix<_Scalar, _Rows, _Cols, _Options, _MaxRows, _MaxCols>::ColsAtCompileTime>&) [with OtherDerived = OtherDerived; _Scalar = double; int _Rows = -1; int _Cols = -1; int _Options = 0; int _MaxRows = -1; int _MaxCols = -1]\x1b[m\x1b[K\xe2\x80\x99\n'}
[3.080964] (consenso_pkg) StderrLine: {'line': b'  438 |     Matrix& \x1b[01;36m\x1b[Koperator\x1b[m\x1b[K=(const RotationBase<OtherDerived,ColsAtCompileTime>& r);\n'}
[3.081060] (consenso_pkg) StderrLine: {'line': b'      |             \x1b[01;36m\x1b[K^~~~~~~~\x1b[m\x1b[K\n'}
[3.081125] (consenso_pkg) StderrLine: {'line': b'\x1b[01m\x1b[K/usr/include/eigen3/Eigen/src/Core/Matrix.h:438:13:\x1b[m\x1b[K \x1b[01;36m\x1b[Knote: \x1b[m\x1b[K  template argument deduction/substitution failed:\n'}
[3.081181] (consenso_pkg) StderrLine: {'line': b'\x1b[01m\x1b[K/home/fortunato/ros2_ws/src/consenso/src/nodo.cpp:43:40:\x1b[m\x1b[K \x1b[01;36m\x1b[Knote: \x1b[m\x1b[K  \xe2\x80\x98\x1b[01m\x1b[Kexample_interfaces::msg::Float64MultiArray_<std::allocator<void> >::_data_type\x1b[m\x1b[K\xe2\x80\x99 {aka \xe2\x80\x98\x1b[01m\x1b[Kstd::vector<double, std::allocator<double> >\x1b[m\x1b[K\xe2\x80\x99} is not derived from \xe2\x80\x98\x1b[01m\x1b[Kconst Eigen::RotationBase<OtherDerived, -1>\x1b[m\x1b[K\xe2\x80\x99\n'}
[3.081241] (consenso_pkg) StderrLine: {'line': b'   43 |                     neighbor_Vl = msg->\x1b[01;36m\x1b[Kdata\x1b[m\x1b[K;\n'}
[3.081409] (consenso_pkg) StderrLine: {'line': b'      |                                        \x1b[01;36m\x1b[K^~~~\x1b[m\x1b[K\n'}
[3.081467] (consenso_pkg) StderrLine: {'line': b'In file included from \x1b[01m\x1b[K/usr/include/eigen3/Eigen/Core:295\x1b[m\x1b[K,\n'}
[3.082107] (consenso_pkg) StderrLine: {'line': b'                 from \x1b[01m\x1b[K/usr/include/eigen3/Eigen/Dense:1\x1b[m\x1b[K,\n'}
[3.082179] (consenso_pkg) StderrLine: {'line': b'                 from \x1b[01m\x1b[K/home/fortunato/ros2_ws/src/consenso/src/nodo.cpp:3\x1b[m\x1b[K:\n'}
[3.082259] (consenso_pkg) StderrLine: {'line': b'\x1b[01m\x1b[K/usr/include/eigen3/Eigen/src/Core/Matrix.h:206:33:\x1b[m\x1b[K \x1b[01;36m\x1b[Knote: \x1b[m\x1b[Kcandidate: \xe2\x80\x98\x1b[01m\x1b[KEigen::Matrix<_Scalar, _Rows, _Cols, _Options, _MaxRows, _MaxCols>& Eigen::Matrix<_Scalar, _Rows, _Cols, _Options, _MaxRows, _MaxCols>::operator=(const Eigen::Matrix<_Scalar, _Rows, _Cols, _Options, _MaxRows, _MaxCols>&) [with _Scalar = double; int _Rows = -1; int _Cols = -1; int _Options = 0; int _MaxRows = -1; int _MaxCols = -1]\x1b[m\x1b[K\xe2\x80\x99\n'}
[3.082331] (consenso_pkg) StderrLine: {'line': b'  206 |     EIGEN_STRONG_INLINE Matrix& \x1b[01;36m\x1b[Koperator\x1b[m\x1b[K=(const Matrix& other)\n'}
[3.082395] (consenso_pkg) StderrLine: {'line': b'      |                                 \x1b[01;36m\x1b[K^~~~~~~~\x1b[m\x1b[K\n'}
[3.082457] (consenso_pkg) StderrLine: {'line': b'\x1b[01m\x1b[K/usr/include/eigen3/Eigen/src/Core/Matrix.h:206:57:\x1b[m\x1b[K \x1b[01;36m\x1b[Knote: \x1b[m\x1b[K  no known conversion for argument 1 from \xe2\x80\x98\x1b[01m\x1b[Kexample_interfaces::msg::Float64MultiArray_<std::allocator<void> >::_data_type\x1b[m\x1b[K\xe2\x80\x99 {aka \xe2\x80\x98\x1b[01m\x1b[Kstd::vector<double, std::allocator<double> >\x1b[m\x1b[K\xe2\x80\x99} to \xe2\x80\x98\x1b[01m\x1b[Kconst Eigen::Matrix<double, -1, -1>&\x1b[m\x1b[K\xe2\x80\x99\n'}
[3.082599] (consenso_pkg) StderrLine: {'line': b'  206 |     EIGEN_STRONG_INLINE Matrix& operator=(\x1b[01;36m\x1b[Kconst Matrix& other\x1b[m\x1b[K)\n'}
[3.082659] (consenso_pkg) StderrLine: {'line': b'      |                                           \x1b[01;36m\x1b[K~~~~~~~~~~~~~~^~~~~\x1b[m\x1b[K\n'}
[3.082715] (consenso_pkg) StderrLine: {'line': b'\x1b[01m\x1b[K/usr/include/eigen3/Eigen/src/Core/Matrix.h:279:13:\x1b[m\x1b[K \x1b[01;36m\x1b[Knote: \x1b[m\x1b[Kcandidate: \xe2\x80\x98\x1b[01m\x1b[KEigen::Matrix<_Scalar, _Rows, _Cols, _Options, _MaxRows, _MaxCols>& Eigen::Matrix<_Scalar, _Rows, _Cols, _Options, _MaxRows, _MaxCols>::operator=(Eigen::Matrix<_Scalar, _Rows, _Cols, _Options, _MaxRows, _MaxCols>&&) [with _Scalar = double; int _Rows = -1; int _Cols = -1; int _Options = 0; int _MaxRows = -1; int _MaxCols = -1]\x1b[m\x1b[K\xe2\x80\x99\n'}
[3.082774] (consenso_pkg) StderrLine: {'line': b'  279 |     Matrix& \x1b[01;36m\x1b[Koperator\x1b[m\x1b[K=(Matrix&& other) EIGEN_NOEXCEPT_IF(std::is_nothrow_move_assignable<Scalar>::value)\n'}
[3.082830] (consenso_pkg) StderrLine: {'line': b'      |             \x1b[01;36m\x1b[K^~~~~~~~\x1b[m\x1b[K\n'}
[3.082885] (consenso_pkg) StderrLine: {'line': b'\x1b[01m\x1b[K/usr/include/eigen3/Eigen/src/Core/Matrix.h:279:32:\x1b[m\x1b[K \x1b[01;36m\x1b[Knote: \x1b[m\x1b[K  no known conversion for argument 1 from \xe2\x80\x98\x1b[01m\x1b[Kexample_interfaces::msg::Float64MultiArray_<std::allocator<void> >::_data_type\x1b[m\x1b[K\xe2\x80\x99 {aka \xe2\x80\x98\x1b[01m\x1b[Kstd::vector<double, std::allocator<double> >\x1b[m\x1b[K\xe2\x80\x99} to \xe2\x80\x98\x1b[01m\x1b[KEigen::Matrix<double, -1, -1>&&\x1b[m\x1b[K\xe2\x80\x99\n'}
[3.082946] (consenso_pkg) StderrLine: {'line': b'  279 |     Matrix& operator=(\x1b[01;36m\x1b[KMatrix&& other\x1b[m\x1b[K) EIGEN_NOEXCEPT_IF(std::is_nothrow_move_assignable<Scalar>::value)\n'}
[3.083001] (consenso_pkg) StderrLine: {'line': b'      |                       \x1b[01;36m\x1b[K~~~~~~~~~^~~~~\x1b[m\x1b[K\n'}
[3.083070] (consenso_pkg) StderrLine: {'line': b'\x1b[01m\x1b[K/home/fortunato/ros2_ws/src/consenso/src/nodo.cpp:\x1b[m\x1b[K In constructor \xe2\x80\x98\x1b[01m\x1b[KNodoConsenso::NodoConsenso()\x1b[m\x1b[K\xe2\x80\x99:\n'}
[3.083132] (consenso_pkg) StderrLine: {'line': b'\x1b[01m\x1b[K/home/fortunato/ros2_ws/src/consenso/src/nodo.cpp:50:20:\x1b[m\x1b[K \x1b[01;31m\x1b[Kerror: \x1b[m\x1b[Kcapture of non-variable \xe2\x80\x98\x1b[01m\x1b[KNodoConsenso::idl\x1b[m\x1b[K\xe2\x80\x99\n'}
[3.083190] (consenso_pkg) StderrLine: {'line': b'   50 |             [this, \x1b[01;31m\x1b[Kidl\x1b[m\x1b[K](const example_interfaces::msg::Float64MultiArray::SharedPtr msg)\n'}
[3.083246] (consenso_pkg) StderrLine: {'line': b'      |                    \x1b[01;31m\x1b[K^~~\x1b[m\x1b[K\n'}
[3.083301] (consenso_pkg) StderrLine: {'line': b'\x1b[01m\x1b[K/home/fortunato/ros2_ws/src/consenso/src/nodo.cpp:125:9:\x1b[m\x1b[K \x1b[01;36m\x1b[Knote: \x1b[m\x1b[K\xe2\x80\x98\x1b[01m\x1b[Kint NodoConsenso::idl\x1b[m\x1b[K\xe2\x80\x99 declared here\n'}
[3.083366] (consenso_pkg) StderrLine: {'line': b'  125 |     int \x1b[01;36m\x1b[Kidl\x1b[m\x1b[K,idr;\n'}
[3.083415] (consenso_pkg) StderrLine: {'line': b'      |         \x1b[01;36m\x1b[K^~~\x1b[m\x1b[K\n'}
[3.083462] (consenso_pkg) StderrLine: {'line': b'\x1b[01m\x1b[K/home/fortunato/ros2_ws/src/consenso/src/nodo.cpp:\x1b[m\x1b[K In lambda function:\n'}
[3.083546] (consenso_pkg) StderrLine: {'line': b'\x1b[01m\x1b[K/home/fortunato/ros2_ws/src/consenso/src/nodo.cpp:53:40:\x1b[m\x1b[K \x1b[01;31m\x1b[Kerror: \x1b[m\x1b[Kno match for \xe2\x80\x98\x1b[01m\x1b[Koperator=\x1b[m\x1b[K\xe2\x80\x99 (operand types are \xe2\x80\x98\x1b[01m\x1b[KEigen::MatrixXd\x1b[m\x1b[K\xe2\x80\x99 {aka \xe2\x80\x98\x1b[01m\x1b[KEigen::Matrix<double, -1, -1>\x1b[m\x1b[K\xe2\x80\x99} and \xe2\x80\x98\x1b[01m\x1b[Kexample_interfaces::msg::Float64MultiArray_<std::allocator<void> >::_data_type\x1b[m\x1b[K\xe2\x80\x99 {aka \xe2\x80\x98\x1b[01m\x1b[Kstd::vector<double, std::allocator<double> >\x1b[m\x1b[K\xe2\x80\x99})\n'}
[3.083611] (consenso_pkg) StderrLine: {'line': b'   53 |                     neighbor_vl = msg->\x1b[01;31m\x1b[Kdata\x1b[m\x1b[K;\n'}
[3.083660] (consenso_pkg) StderrLine: {'line': b'      |                                        \x1b[01;31m\x1b[K^~~~\x1b[m\x1b[K\n'}
[3.083708] (consenso_pkg) StderrLine: {'line': b'In file included from \x1b[01m\x1b[K/usr/include/eigen3/Eigen/Core:295\x1b[m\x1b[K,\n'}
[3.083756] (consenso_pkg) StderrLine: {'line': b'                 from \x1b[01m\x1b[K/usr/include/eigen3/Eigen/Dense:1\x1b[m\x1b[K,\n'}
[3.083808] (consenso_pkg) StderrLine: {'line': b'                 from \x1b[01m\x1b[K/home/fortunato/ros2_ws/src/consenso/src/nodo.cpp:3\x1b[m\x1b[K:\n'}
[3.083857] (consenso_pkg) StderrLine: {'line': b'\x1b[01m\x1b[K/usr/include/eigen3/Eigen/src/Core/Matrix.h:223:33:\x1b[m\x1b[K \x1b[01;36m\x1b[Knote: \x1b[m\x1b[Kcandidate: \xe2\x80\x98\x1b[01m\x1b[Ktemplate<class OtherDerived> Eigen::Matrix<_Scalar, _Rows, _Cols, _Options, _MaxRows, _MaxCols>& Eigen::Matrix<_Scalar, _Rows, _Cols, _Options, _MaxRows, _MaxCols>::operator=(const Eigen::DenseBase<OtherDerived>&) [with OtherDerived = OtherDerived; _Scalar = double; int _Rows = -1; int _Cols = -1; int _Options = 0; int _MaxRows = -1; int _MaxCols = -1]\x1b[m\x1b[K\xe2\x80\x99\n'}
[3.083914] (consenso_pkg) StderrLine: {'line': b'  223 |     EIGEN_STRONG_INLINE Matrix& \x1b[01;36m\x1b[Koperator\x1b[m\x1b[K=(const DenseBase<OtherDerived>& other)\n'}
[3.083963] (consenso_pkg) StderrLine: {'line': b'      |                                 \x1b[01;36m\x1b[K^~~~~~~~\x1b[m\x1b[K\n'}
[3.084011] (consenso_pkg) StderrLine: {'line': b'\x1b[01m\x1b[K/usr/include/eigen3/Eigen/src/Core/Matrix.h:223:33:\x1b[m\x1b[K \x1b[01;36m\x1b[Knote: \x1b[m\x1b[K  template argument deduction/substitution failed:\n'}
[3.084061] (consenso_pkg) StderrLine: {'line': b'\x1b[01m\x1b[K/home/fortunato/ros2_ws/src/consenso/src/nodo.cpp:53:40:\x1b[m\x1b[K \x1b[01;36m\x1b[Knote: \x1b[m\x1b[K  \xe2\x80\x98\x1b[01m\x1b[Kexample_interfaces::msg::Float64MultiArray_<std::allocator<void> >::_data_type\x1b[m\x1b[K\xe2\x80\x99 {aka \xe2\x80\x98\x1b[01m\x1b[Kstd::vector<double, std::allocator<double> >\x1b[m\x1b[K\xe2\x80\x99} is not derived from \xe2\x80\x98\x1b[01m\x1b[Kconst Eigen::DenseBase<Derived>\x1b[m\x1b[K\xe2\x80\x99\n'}
[3.084140] (consenso_pkg) StderrLine: {'line': b'   53 |                     neighbor_vl = msg->\x1b[01;36m\x1b[Kdata\x1b[m\x1b[K;\n'}
[3.084190] (consenso_pkg) StderrLine: {'line': b'      |                                        \x1b[01;36m\x1b[K^~~~\x1b[m\x1b[K\n'}
[3.084238] (consenso_pkg) StderrLine: {'line': b'In file included from \x1b[01m\x1b[K/usr/include/eigen3/Eigen/Core:295\x1b[m\x1b[K,\n'}
[3.084287] (consenso_pkg) StderrLine: {'line': b'                 from \x1b[01m\x1b[K/usr/include/eigen3/Eigen/Dense:1\x1b[m\x1b[K,\n'}
[3.084335] (consenso_pkg) StderrLine: {'line': b'                 from \x1b[01m\x1b[K/home/fortunato/ros2_ws/src/consenso/src/nodo.cpp:3\x1b[m\x1b[K:\n'}
[3.084383] (consenso_pkg) StderrLine: {'line': b'\x1b[01m\x1b[K/usr/include/eigen3/Eigen/src/Core/Matrix.h:236:33:\x1b[m\x1b[K \x1b[01;36m\x1b[Knote: \x1b[m\x1b[Kcandidate: \xe2\x80\x98\x1b[01m\x1b[Ktemplate<class OtherDerived> Eigen::Matrix<_Scalar, _Rows, _Cols, _Options, _MaxRows, _MaxCols>& Eigen::Matrix<_Scalar, _Rows, _Cols, _Options, _MaxRows, _MaxCols>::operator=(const Eigen::EigenBase<OtherDerived>&) [with OtherDerived = OtherDerived; _Scalar = double; int _Rows = -1; int _Cols = -1; int _Options = 0; int _MaxRows = -1; int _MaxCols = -1]\x1b[m\x1b[K\xe2\x80\x99\n'}
[3.084436] (consenso_pkg) StderrLine: {'line': b'  236 |     EIGEN_STRONG_INLINE Matrix& \x1b[01;36m\x1b[Koperator\x1b[m\x1b[K=(const EigenBase<OtherDerived> &other)\n'}
[3.084491] (consenso_pkg) StderrLine: {'line': b'      |                                 \x1b[01;36m\x1b[K^~~~~~~~\x1b[m\x1b[K\n'}
[3.084547] (consenso_pkg) StderrLine: {'line': b'\x1b[01m\x1b[K/usr/include/eigen3/Eigen/src/Core/Matrix.h:236:33:\x1b[m\x1b[K \x1b[01;36m\x1b[Knote: \x1b[m\x1b[K  template argument deduction/substitution failed:\n'}
[3.084611] (consenso_pkg) StderrLine: {'line': b'\x1b[01m\x1b[K/home/fortunato/ros2_ws/src/consenso/src/nodo.cpp:53:40:\x1b[m\x1b[K \x1b[01;36m\x1b[Knote: \x1b[m\x1b[K  \xe2\x80\x98\x1b[01m\x1b[Kexample_interfaces::msg::Float64MultiArray_<std::allocator<void> >::_data_type\x1b[m\x1b[K\xe2\x80\x99 {aka \xe2\x80\x98\x1b[01m\x1b[Kstd::vector<double, std::allocator<double> >\x1b[m\x1b[K\xe2\x80\x99} is not derived from \xe2\x80\x98\x1b[01m\x1b[Kconst Eigen::EigenBase<Derived>\x1b[m\x1b[K\xe2\x80\x99\n'}
[3.084662] (consenso_pkg) StderrLine: {'line': b'   53 |                     neighbor_vl = msg->\x1b[01;36m\x1b[Kdata\x1b[m\x1b[K;\n'}
[3.084708] (consenso_pkg) StderrLine: {'line': b'      |                                        \x1b[01;36m\x1b[K^~~~\x1b[m\x1b[K\n'}
[3.084753] (consenso_pkg) StderrLine: {'line': b'In file included from \x1b[01m\x1b[K/usr/include/eigen3/Eigen/Core:295\x1b[m\x1b[K,\n'}
[3.084797] (consenso_pkg) StderrLine: {'line': b'                 from \x1b[01m\x1b[K/usr/include/eigen3/Eigen/Dense:1\x1b[m\x1b[K,\n'}
[3.084842] (consenso_pkg) StderrLine: {'line': b'                 from \x1b[01m\x1b[K/home/fortunato/ros2_ws/src/consenso/src/nodo.cpp:3\x1b[m\x1b[K:\n'}
[3.084886] (consenso_pkg) StderrLine: {'line': b'\x1b[01m\x1b[K/usr/include/eigen3/Eigen/src/Core/Matrix.h:243:33:\x1b[m\x1b[K \x1b[01;36m\x1b[Knote: \x1b[m\x1b[Kcandidate: \xe2\x80\x98\x1b[01m\x1b[Ktemplate<class OtherDerived> Eigen::Matrix<_Scalar, _Rows, _Cols, _Options, _MaxRows, _MaxCols>& Eigen::Matrix<_Scalar, _Rows, _Cols, _Options, _MaxRows, _MaxCols>::operator=(const Eigen::ReturnByValue<OtherDerived>&) [with OtherDerived = OtherDerived; _Scalar = double; int _Rows = -1; int _Cols = -1; int _Options = 0; int _MaxRows = -1; int _MaxCols = -1]\x1b[m\x1b[K\xe2\x80\x99\n'}
[3.084935] (consenso_pkg) StderrLine: {'line': b'  243 |     EIGEN_STRONG_INLINE Matrix& \x1b[01;36m\x1b[Koperator\x1b[m\x1b[K=(const ReturnByValue<OtherDerived>& func)\n'}
[3.084979] (consenso_pkg) StderrLine: {'line': b'      |                                 \x1b[01;36m\x1b[K^~~~~~~~\x1b[m\x1b[K\n'}
[3.085023] (consenso_pkg) StderrLine: {'line': b'\x1b[01m\x1b[K/usr/include/eigen3/Eigen/src/Core/Matrix.h:243:33:\x1b[m\x1b[K \x1b[01;36m\x1b[Knote: \x1b[m\x1b[K  template argument deduction/substitution failed:\n'}
[3.085081] (consenso_pkg) StderrLine: {'line': b'\x1b[01m\x1b[K/home/fortunato/ros2_ws/src/consenso/src/nodo.cpp:53:40:\x1b[m\x1b[K \x1b[01;36m\x1b[Knote: \x1b[m\x1b[K  \xe2\x80\x98\x1b[01m\x1b[Kexample_interfaces::msg::Float64MultiArray_<std::allocator<void> >::_data_type\x1b[m\x1b[K\xe2\x80\x99 {aka \xe2\x80\x98\x1b[01m\x1b[Kstd::vector<double, std::allocator<double> >\x1b[m\x1b[K\xe2\x80\x99} is not derived from \xe2\x80\x98\x1b[01m\x1b[Kconst Eigen::ReturnByValue<Derived>\x1b[m\x1b[K\xe2\x80\x99\n'}
[3.085135] (consenso_pkg) StderrLine: {'line': b'   53 |                     neighbor_vl = msg->\x1b[01;36m\x1b[Kdata\x1b[m\x1b[K;\n'}
[3.085181] (consenso_pkg) StderrLine: {'line': b'      |                                        \x1b[01;36m\x1b[K^~~~\x1b[m\x1b[K\n'}
[3.085226] (consenso_pkg) StderrLine: {'line': b'In file included from \x1b[01m\x1b[K/usr/include/eigen3/Eigen/Core:295\x1b[m\x1b[K,\n'}
[3.085271] (consenso_pkg) StderrLine: {'line': b'                 from \x1b[01m\x1b[K/usr/include/eigen3/Eigen/Dense:1\x1b[m\x1b[K,\n'}
[3.085316] (consenso_pkg) StderrLine: {'line': b'                 from \x1b[01m\x1b[K/home/fortunato/ros2_ws/src/consenso/src/nodo.cpp:3\x1b[m\x1b[K:\n'}
[3.085360] (consenso_pkg) StderrLine: {'line': b'\x1b[01m\x1b[K/usr/include/eigen3/Eigen/src/Core/Matrix.h:438:13:\x1b[m\x1b[K \x1b[01;36m\x1b[Knote: \x1b[m\x1b[Kcandidate: \xe2\x80\x98\x1b[01m\x1b[Ktemplate<class OtherDerived> Eigen::Matrix<_Scalar, _Rows, _Cols, _Options, _MaxRows, _MaxCols>& Eigen::Matrix<_Scalar, _Rows, _Cols, _Options, _MaxRows, _MaxCols>::operator=(const Eigen::RotationBase<OtherDerived, Eigen::Matrix<_Scalar, _Rows, _Cols, _Options, _MaxRows, _MaxCols>::ColsAtCompileTime>&) [with OtherDerived = OtherDerived; _Scalar = double; int _Rows = -1; int _Cols = -1; int _Options = 0; int _MaxRows = -1; int _MaxCols = -1]\x1b[m\x1b[K\xe2\x80\x99\n'}
[3.085413] (consenso_pkg) StderrLine: {'line': b'  438 |     Matrix& \x1b[01;36m\x1b[Koperator\x1b[m\x1b[K=(const RotationBase<OtherDerived,ColsAtCompileTime>& r);\n'}
[3.085458] (consenso_pkg) StderrLine: {'line': b'      |             \x1b[01;36m\x1b[K^~~~~~~~\x1b[m\x1b[K\n'}
[3.085503] (consenso_pkg) StderrLine: {'line': b'\x1b[01m\x1b[K/usr/include/eigen3/Eigen/src/Core/Matrix.h:438:13:\x1b[m\x1b[K \x1b[01;36m\x1b[Knote: \x1b[m\x1b[K  template argument deduction/substitution failed:\n'}
[3.085576] (consenso_pkg) StderrLine: {'line': b'\x1b[01m\x1b[K/home/fortunato/ros2_ws/src/consenso/src/nodo.cpp:53:40:\x1b[m\x1b[K \x1b[01;36m\x1b[Knote: \x1b[m\x1b[K  \xe2\x80\x98\x1b[01m\x1b[Kexample_interfaces::msg::Float64MultiArray_<std::allocator<void> >::_data_type\x1b[m\x1b[K\xe2\x80\x99 {aka \xe2\x80\x98\x1b[01m\x1b[Kstd::vector<double, std::allocator<double> >\x1b[m\x1b[K\xe2\x80\x99} is not derived from \xe2\x80\x98\x1b[01m\x1b[Kconst Eigen::RotationBase<OtherDerived, -1>\x1b[m\x1b[K\xe2\x80\x99\n'}
[3.085638] (consenso_pkg) StderrLine: {'line': b'   53 |                     neighbor_vl = msg->\x1b[01;36m\x1b[Kdata\x1b[m\x1b[K;\n'}
[3.085683] (consenso_pkg) StderrLine: {'line': b'      |                                        \x1b[01;36m\x1b[K^~~~\x1b[m\x1b[K\n'}
[3.085727] (consenso_pkg) StderrLine: {'line': b'In file included from \x1b[01m\x1b[K/usr/include/eigen3/Eigen/Core:295\x1b[m\x1b[K,\n'}
[3.085772] (consenso_pkg) StderrLine: {'line': b'                 from \x1b[01m\x1b[K/usr/include/eigen3/Eigen/Dense:1\x1b[m\x1b[K,\n'}
[3.085816] (consenso_pkg) StderrLine: {'line': b'                 from \x1b[01m\x1b[K/home/fortunato/ros2_ws/src/consenso/src/nodo.cpp:3\x1b[m\x1b[K:\n'}
[3.085860] (consenso_pkg) StderrLine: {'line': b'\x1b[01m\x1b[K/usr/include/eigen3/Eigen/src/Core/Matrix.h:206:33:\x1b[m\x1b[K \x1b[01;36m\x1b[Knote: \x1b[m\x1b[Kcandidate: \xe2\x80\x98\x1b[01m\x1b[KEigen::Matrix<_Scalar, _Rows, _Cols, _Options, _MaxRows, _MaxCols>& Eigen::Matrix<_Scalar, _Rows, _Cols, _Options, _MaxRows, _MaxCols>::operator=(const Eigen::Matrix<_Scalar, _Rows, _Cols, _Options, _MaxRows, _MaxCols>&) [with _Scalar = double; int _Rows = -1; int _Cols = -1; int _Options = 0; int _MaxRows = -1; int _MaxCols = -1]\x1b[m\x1b[K\xe2\x80\x99\n'}
[3.085912] (consenso_pkg) StderrLine: {'line': b'  206 |     EIGEN_STRONG_INLINE Matrix& \x1b[01;36m\x1b[Koperator\x1b[m\x1b[K=(const Matrix& other)\n'}
[3.085958] (consenso_pkg) StderrLine: {'line': b'      |                                 \x1b[01;36m\x1b[K^~~~~~~~\x1b[m\x1b[K\n'}
[3.086029] (consenso_pkg) StderrLine: {'line': b'\x1b[01m\x1b[K/usr/include/eigen3/Eigen/src/Core/Matrix.h:206:57:\x1b[m\x1b[K \x1b[01;36m\x1b[Knote: \x1b[m\x1b[K  no known conversion for argument 1 from \xe2\x80\x98\x1b[01m\x1b[Kexample_interfaces::msg::Float64MultiArray_<std::allocator<void> >::_data_type\x1b[m\x1b[K\xe2\x80\x99 {aka \xe2\x80\x98\x1b[01m\x1b[Kstd::vector<double, std::allocator<double> >\x1b[m\x1b[K\xe2\x80\x99} to \xe2\x80\x98\x1b[01m\x1b[Kconst Eigen::Matrix<double, -1, -1>&\x1b[m\x1b[K\xe2\x80\x99\n'}
[3.086107] (consenso_pkg) StderrLine: {'line': b'  206 |     EIGEN_STRONG_INLINE Matrix& operator=(\x1b[01;36m\x1b[Kconst Matrix& other\x1b[m\x1b[K)\n'}
[3.086154] (consenso_pkg) StderrLine: {'line': b'      |                                           \x1b[01;36m\x1b[K~~~~~~~~~~~~~~^~~~~\x1b[m\x1b[K\n'}
[3.086201] (consenso_pkg) StderrLine: {'line': b'\x1b[01m\x1b[K/usr/include/eigen3/Eigen/src/Core/Matrix.h:279:13:\x1b[m\x1b[K \x1b[01;36m\x1b[Knote: \x1b[m\x1b[Kcandidate: \xe2\x80\x98\x1b[01m\x1b[KEigen::Matrix<_Scalar, _Rows, _Cols, _Options, _MaxRows, _MaxCols>& Eigen::Matrix<_Scalar, _Rows, _Cols, _Options, _MaxRows, _MaxCols>::operator=(Eigen::Matrix<_Scalar, _Rows, _Cols, _Options, _MaxRows, _MaxCols>&&) [with _Scalar = double; int _Rows = -1; int _Cols = -1; int _Options = 0; int _MaxRows = -1; int _MaxCols = -1]\x1b[m\x1b[K\xe2\x80\x99\n'}
[3.086269] (consenso_pkg) StderrLine: {'line': b'  279 |     Matrix& \x1b[01;36m\x1b[Koperator\x1b[m\x1b[K=(Matrix&& other) EIGEN_NOEXCEPT_IF(std::is_nothrow_move_assignable<Scalar>::value)\n'}
[3.086318] (consenso_pkg) StderrLine: {'line': b'      |             \x1b[01;36m\x1b[K^~~~~~~~\x1b[m\x1b[K\n'}
[3.086367] (consenso_pkg) StderrLine: {'line': b'\x1b[01m\x1b[K/usr/include/eigen3/Eigen/src/Core/Matrix.h:279:32:\x1b[m\x1b[K \x1b[01;36m\x1b[Knote: \x1b[m\x1b[K  no known conversion for argument 1 from \xe2\x80\x98\x1b[01m\x1b[Kexample_interfaces::msg::Float64MultiArray_<std::allocator<void> >::_data_type\x1b[m\x1b[K\xe2\x80\x99 {aka \xe2\x80\x98\x1b[01m\x1b[Kstd::vector<double, std::allocator<double> >\x1b[m\x1b[K\xe2\x80\x99} to \xe2\x80\x98\x1b[01m\x1b[KEigen::Matrix<double, -1, -1>&&\x1b[m\x1b[K\xe2\x80\x99\n'}
[3.086422] (consenso_pkg) StderrLine: {'line': b'  279 |     Matrix& operator=(\x1b[01;36m\x1b[KMatrix&& other\x1b[m\x1b[K) EIGEN_NOEXCEPT_IF(std::is_nothrow_move_assignable<Scalar>::value)\n'}
[3.086475] (consenso_pkg) StderrLine: {'line': b'      |                       \x1b[01;36m\x1b[K~~~~~~~~~^~~~~\x1b[m\x1b[K\n'}
[3.086529] (consenso_pkg) StderrLine: {'line': b'\x1b[01m\x1b[K/home/fortunato/ros2_ws/src/consenso/src/nodo.cpp:\x1b[m\x1b[K In constructor \xe2\x80\x98\x1b[01m\x1b[KNodoConsenso::NodoConsenso()\x1b[m\x1b[K\xe2\x80\x99:\n'}
[3.086586] (consenso_pkg) StderrLine: {'line': b'\x1b[01m\x1b[K/home/fortunato/ros2_ws/src/consenso/src/nodo.cpp:59:20:\x1b[m\x1b[K \x1b[01;31m\x1b[Kerror: \x1b[m\x1b[Kcapture of non-variable \xe2\x80\x98\x1b[01m\x1b[KNodoConsenso::idr\x1b[m\x1b[K\xe2\x80\x99\n'}
[3.086636] (consenso_pkg) StderrLine: {'line': b'   59 |             [this, \x1b[01;31m\x1b[Kidr\x1b[m\x1b[K](const example_interfaces::msg::Float64MultiArray::SharedPtr msg)\n'}
[3.086686] (consenso_pkg) StderrLine: {'line': b'      |                    \x1b[01;31m\x1b[K^~~\x1b[m\x1b[K\n'}
[3.086736] (consenso_pkg) StderrLine: {'line': b'\x1b[01m\x1b[K/home/fortunato/ros2_ws/src/consenso/src/nodo.cpp:125:13:\x1b[m\x1b[K \x1b[01;36m\x1b[Knote: \x1b[m\x1b[K\xe2\x80\x98\x1b[01m\x1b[Kint NodoConsenso::idr\x1b[m\x1b[K\xe2\x80\x99 declared here\n'}
[3.086786] (consenso_pkg) StderrLine: {'line': b'  125 |     int idl,\x1b[01;36m\x1b[Kidr\x1b[m\x1b[K;\n'}
[3.086835] (consenso_pkg) StderrLine: {'line': b'      |             \x1b[01;36m\x1b[K^~~\x1b[m\x1b[K\n'}
[3.086884] (consenso_pkg) StderrLine: {'line': b'\x1b[01m\x1b[K/home/fortunato/ros2_ws/src/consenso/src/nodo.cpp:\x1b[m\x1b[K In lambda function:\n'}
[3.086933] (consenso_pkg) StderrLine: {'line': b'\x1b[01m\x1b[K/home/fortunato/ros2_ws/src/consenso/src/nodo.cpp:62:40:\x1b[m\x1b[K \x1b[01;31m\x1b[Kerror: \x1b[m\x1b[Kno match for \xe2\x80\x98\x1b[01m\x1b[Koperator=\x1b[m\x1b[K\xe2\x80\x99 (operand types are \xe2\x80\x98\x1b[01m\x1b[KEigen::MatrixXd\x1b[m\x1b[K\xe2\x80\x99 {aka \xe2\x80\x98\x1b[01m\x1b[KEigen::Matrix<double, -1, -1>\x1b[m\x1b[K\xe2\x80\x99} and \xe2\x80\x98\x1b[01m\x1b[Kexample_interfaces::msg::Float64MultiArray_<std::allocator<void> >::_data_type\x1b[m\x1b[K\xe2\x80\x99 {aka \xe2\x80\x98\x1b[01m\x1b[Kstd::vector<double, std::allocator<double> >\x1b[m\x1b[K\xe2\x80\x99})\n'}
[3.086988] (consenso_pkg) StderrLine: {'line': b'   62 |                     neighbor_Vr = msg->\x1b[01;31m\x1b[Kdata\x1b[m\x1b[K;\n'}
[3.087037] (consenso_pkg) StderrLine: {'line': b'      |                                        \x1b[01;31m\x1b[K^~~~\x1b[m\x1b[K\n'}
[3.087086] (consenso_pkg) StderrLine: {'line': b'In file included from \x1b[01m\x1b[K/usr/include/eigen3/Eigen/Core:295\x1b[m\x1b[K,\n'}
[3.087136] (consenso_pkg) StderrLine: {'line': b'                 from \x1b[01m\x1b[K/usr/include/eigen3/Eigen/Dense:1\x1b[m\x1b[K,\n'}
[3.087189] (consenso_pkg) StderrLine: {'line': b'                 from \x1b[01m\x1b[K/home/fortunato/ros2_ws/src/consenso/src/nodo.cpp:3\x1b[m\x1b[K:\n'}
[3.087238] (consenso_pkg) StderrLine: {'line': b'\x1b[01m\x1b[K/usr/include/eigen3/Eigen/src/Core/Matrix.h:223:33:\x1b[m\x1b[K \x1b[01;36m\x1b[Knote: \x1b[m\x1b[Kcandidate: \xe2\x80\x98\x1b[01m\x1b[Ktemplate<class OtherDerived> Eigen::Matrix<_Scalar, _Rows, _Cols, _Options, _MaxRows, _MaxCols>& Eigen::Matrix<_Scalar, _Rows, _Cols, _Options, _MaxRows, _MaxCols>::operator=(const Eigen::DenseBase<OtherDerived>&) [with OtherDerived = OtherDerived; _Scalar = double; int _Rows = -1; int _Cols = -1; int _Options = 0; int _MaxRows = -1; int _MaxCols = -1]\x1b[m\x1b[K\xe2\x80\x99\n'}
[3.087308] (consenso_pkg) StderrLine: {'line': b'  223 |     EIGEN_STRONG_INLINE Matrix& \x1b[01;36m\x1b[Koperator\x1b[m\x1b[K=(const DenseBase<OtherDerived>& other)\n'}
[3.087358] (consenso_pkg) StderrLine: {'line': b'      |                                 \x1b[01;36m\x1b[K^~~~~~~~\x1b[m\x1b[K\n'}
[3.087406] (consenso_pkg) StderrLine: {'line': b'\x1b[01m\x1b[K/usr/include/eigen3/Eigen/src/Core/Matrix.h:223:33:\x1b[m\x1b[K \x1b[01;36m\x1b[Knote: \x1b[m\x1b[K  template argument deduction/substitution failed:\n'}
[3.087454] (consenso_pkg) StderrLine: {'line': b'\x1b[01m\x1b[K/home/fortunato/ros2_ws/src/consenso/src/nodo.cpp:62:40:\x1b[m\x1b[K \x1b[01;36m\x1b[Knote: \x1b[m\x1b[K  \xe2\x80\x98\x1b[01m\x1b[Kexample_interfaces::msg::Float64MultiArray_<std::allocator<void> >::_data_type\x1b[m\x1b[K\xe2\x80\x99 {aka \xe2\x80\x98\x1b[01m\x1b[Kstd::vector<double, std::allocator<double> >\x1b[m\x1b[K\xe2\x80\x99} is not derived from \xe2\x80\x98\x1b[01m\x1b[Kconst Eigen::DenseBase<Derived>\x1b[m\x1b[K\xe2\x80\x99\n'}
[3.087505] (consenso_pkg) StderrLine: {'line': b'   62 |                     neighbor_Vr = msg->\x1b[01;36m\x1b[Kdata\x1b[m\x1b[K;\n'}
[3.087561] (consenso_pkg) StderrLine: {'line': b'      |                                        \x1b[01;36m\x1b[K^~~~\x1b[m\x1b[K\n'}
[3.087610] (consenso_pkg) StderrLine: {'line': b'In file included from \x1b[01m\x1b[K/usr/include/eigen3/Eigen/Core:295\x1b[m\x1b[K,\n'}
[3.087658] (consenso_pkg) StderrLine: {'line': b'                 from \x1b[01m\x1b[K/usr/include/eigen3/Eigen/Dense:1\x1b[m\x1b[K,\n'}
[3.087705] (consenso_pkg) StderrLine: {'line': b'                 from \x1b[01m\x1b[K/home/fortunato/ros2_ws/src/consenso/src/nodo.cpp:3\x1b[m\x1b[K:\n'}
[3.087752] (consenso_pkg) StderrLine: {'line': b'\x1b[01m\x1b[K/usr/include/eigen3/Eigen/src/Core/Matrix.h:236:33:\x1b[m\x1b[K \x1b[01;36m\x1b[Knote: \x1b[m\x1b[Kcandidate: \xe2\x80\x98\x1b[01m\x1b[Ktemplate<class OtherDerived> Eigen::Matrix<_Scalar, _Rows, _Cols, _Options, _MaxRows, _MaxCols>& Eigen::Matrix<_Scalar, _Rows, _Cols, _Options, _MaxRows, _MaxCols>::operator=(const Eigen::EigenBase<OtherDerived>&) [with OtherDerived = OtherDerived; _Scalar = double; int _Rows = -1; int _Cols = -1; int _Options = 0; int _MaxRows = -1; int _MaxCols = -1]\x1b[m\x1b[K\xe2\x80\x99\n'}
[3.087804] (consenso_pkg) StderrLine: {'line': b'  236 |     EIGEN_STRONG_INLINE Matrix& \x1b[01;36m\x1b[Koperator\x1b[m\x1b[K=(const EigenBase<OtherDerived> &other)\n'}
[3.087852] (consenso_pkg) StderrLine: {'line': b'      |                                 \x1b[01;36m\x1b[K^~~~~~~~\x1b[m\x1b[K\n'}
[3.087899] (consenso_pkg) StderrLine: {'line': b'\x1b[01m\x1b[K/usr/include/eigen3/Eigen/src/Core/Matrix.h:236:33:\x1b[m\x1b[K \x1b[01;36m\x1b[Knote: \x1b[m\x1b[K  template argument deduction/substitution failed:\n'}
[3.087951] (consenso_pkg) StderrLine: {'line': b'\x1b[01m\x1b[K/home/fortunato/ros2_ws/src/consenso/src/nodo.cpp:62:40:\x1b[m\x1b[K \x1b[01;36m\x1b[Knote: \x1b[m\x1b[K  \xe2\x80\x98\x1b[01m\x1b[Kexample_interfaces::msg::Float64MultiArray_<std::allocator<void> >::_data_type\x1b[m\x1b[K\xe2\x80\x99 {aka \xe2\x80\x98\x1b[01m\x1b[Kstd::vector<double, std::allocator<double> >\x1b[m\x1b[K\xe2\x80\x99} is not derived from \xe2\x80\x98\x1b[01m\x1b[Kconst Eigen::EigenBase<Derived>\x1b[m\x1b[K\xe2\x80\x99\n'}
[3.088006] (consenso_pkg) StderrLine: {'line': b'   62 |                     neighbor_Vr = msg->\x1b[01;36m\x1b[Kdata\x1b[m\x1b[K;\n'}
[3.088058] (consenso_pkg) StderrLine: {'line': b'      |                                        \x1b[01;36m\x1b[K^~~~\x1b[m\x1b[K\n'}
[3.088105] (consenso_pkg) StderrLine: {'line': b'In file included from \x1b[01m\x1b[K/usr/include/eigen3/Eigen/Core:295\x1b[m\x1b[K,\n'}
[3.088153] (consenso_pkg) StderrLine: {'line': b'                 from \x1b[01m\x1b[K/usr/include/eigen3/Eigen/Dense:1\x1b[m\x1b[K,\n'}
[3.088200] (consenso_pkg) StderrLine: {'line': b'                 from \x1b[01m\x1b[K/home/fortunato/ros2_ws/src/consenso/src/nodo.cpp:3\x1b[m\x1b[K:\n'}
[3.088248] (consenso_pkg) StderrLine: {'line': b'\x1b[01m\x1b[K/usr/include/eigen3/Eigen/src/Core/Matrix.h:243:33:\x1b[m\x1b[K \x1b[01;36m\x1b[Knote: \x1b[m\x1b[Kcandidate: \xe2\x80\x98\x1b[01m\x1b[Ktemplate<class OtherDerived> Eigen::Matrix<_Scalar, _Rows, _Cols, _Options, _MaxRows, _MaxCols>& Eigen::Matrix<_Scalar, _Rows, _Cols, _Options, _MaxRows, _MaxCols>::operator=(const Eigen::ReturnByValue<OtherDerived>&) [with OtherDerived = OtherDerived; _Scalar = double; int _Rows = -1; int _Cols = -1; int _Options = 0; int _MaxRows = -1; int _MaxCols = -1]\x1b[m\x1b[K\xe2\x80\x99\n'}
[3.088300] (consenso_pkg) StderrLine: {'line': b'  243 |     EIGEN_STRONG_INLINE Matrix& \x1b[01;36m\x1b[Koperator\x1b[m\x1b[K=(const ReturnByValue<OtherDerived>& func)\n'}
[3.088349] (consenso_pkg) StderrLine: {'line': b'      |                                 \x1b[01;36m\x1b[K^~~~~~~~\x1b[m\x1b[K\n'}
[3.088397] (consenso_pkg) StderrLine: {'line': b'\x1b[01m\x1b[K/usr/include/eigen3/Eigen/src/Core/Matrix.h:243:33:\x1b[m\x1b[K \x1b[01;36m\x1b[Knote: \x1b[m\x1b[K  template argument deduction/substitution failed:\n'}
[3.088444] (consenso_pkg) StderrLine: {'line': b'\x1b[01m\x1b[K/home/fortunato/ros2_ws/src/consenso/src/nodo.cpp:62:40:\x1b[m\x1b[K \x1b[01;36m\x1b[Knote: \x1b[m\x1b[K  \xe2\x80\x98\x1b[01m\x1b[Kexample_interfaces::msg::Float64MultiArray_<std::allocator<void> >::_data_type\x1b[m\x1b[K\xe2\x80\x99 {aka \xe2\x80\x98\x1b[01m\x1b[Kstd::vector<double, std::allocator<double> >\x1b[m\x1b[K\xe2\x80\x99} is not derived from \xe2\x80\x98\x1b[01m\x1b[Kconst Eigen::ReturnByValue<Derived>\x1b[m\x1b[K\xe2\x80\x99\n'}
[3.088497] (consenso_pkg) StderrLine: {'line': b'   62 |                     neighbor_Vr = msg->\x1b[01;36m\x1b[Kdata\x1b[m\x1b[K;\n'}
[3.088552] (consenso_pkg) StderrLine: {'line': b'      |                                        \x1b[01;36m\x1b[K^~~~\x1b[m\x1b[K\n'}
[3.088629] (consenso_pkg) StderrLine: {'line': b'In file included from \x1b[01m\x1b[K/usr/include/eigen3/Eigen/Core:295\x1b[m\x1b[K,\n'}
[3.088704] (consenso_pkg) StderrLine: {'line': b'                 from \x1b[01m\x1b[K/usr/include/eigen3/Eigen/Dense:1\x1b[m\x1b[K,\n'}
[3.088794] (consenso_pkg) StderrLine: {'line': b'                 from \x1b[01m\x1b[K/home/fortunato/ros2_ws/src/consenso/src/nodo.cpp:3\x1b[m\x1b[K:\n'}
[3.088874] (consenso_pkg) StderrLine: {'line': b'\x1b[01m\x1b[K/usr/include/eigen3/Eigen/src/Core/Matrix.h:438:13:\x1b[m\x1b[K \x1b[01;36m\x1b[Knote: \x1b[m\x1b[Kcandidate: \xe2\x80\x98\x1b[01m\x1b[Ktemplate<class OtherDerived> Eigen::Matrix<_Scalar, _Rows, _Cols, _Options, _MaxRows, _MaxCols>& Eigen::Matrix<_Scalar, _Rows, _Cols, _Options, _MaxRows, _MaxCols>::operator=(const Eigen::RotationBase<OtherDerived, Eigen::Matrix<_Scalar, _Rows, _Cols, _Options, _MaxRows, _MaxCols>::ColsAtCompileTime>&) [with OtherDerived = OtherDerived; _Scalar = double; int _Rows = -1; int _Cols = -1; int _Options = 0; int _MaxRows = -1; int _MaxCols = -1]\x1b[m\x1b[K\xe2\x80\x99\n'}
[3.088960] (consenso_pkg) StderrLine: {'line': b'  438 |     Matrix& \x1b[01;36m\x1b[Koperator\x1b[m\x1b[K=(const RotationBase<OtherDerived,ColsAtCompileTime>& r);\n'}
[3.089036] (consenso_pkg) StderrLine: {'line': b'      |             \x1b[01;36m\x1b[K^~~~~~~~\x1b[m\x1b[K\n'}
[3.089086] (consenso_pkg) StderrLine: {'line': b'\x1b[01m\x1b[K/usr/include/eigen3/Eigen/src/Core/Matrix.h:438:13:\x1b[m\x1b[K \x1b[01;36m\x1b[Knote: \x1b[m\x1b[K  template argument deduction/substitution failed:\n'}
[3.089145] (consenso_pkg) StderrLine: {'line': b'\x1b[01m\x1b[K/home/fortunato/ros2_ws/src/consenso/src/nodo.cpp:62:40:\x1b[m\x1b[K \x1b[01;36m\x1b[Knote: \x1b[m\x1b[K  \xe2\x80\x98\x1b[01m\x1b[Kexample_interfaces::msg::Float64MultiArray_<std::allocator<void> >::_data_type\x1b[m\x1b[K\xe2\x80\x99 {aka \xe2\x80\x98\x1b[01m\x1b[Kstd::vector<double, std::allocator<double> >\x1b[m\x1b[K\xe2\x80\x99} is not derived from \xe2\x80\x98\x1b[01m\x1b[Kconst Eigen::RotationBase<OtherDerived, -1>\x1b[m\x1b[K\xe2\x80\x99\n'}
[3.089199] (consenso_pkg) StderrLine: {'line': b'   62 |                     neighbor_Vr = msg->\x1b[01;36m\x1b[Kdata\x1b[m\x1b[K;\n'}
[3.089247] (consenso_pkg) StderrLine: {'line': b'      |                                        \x1b[01;36m\x1b[K^~~~\x1b[m\x1b[K\n'}
[3.089296] (consenso_pkg) StderrLine: {'line': b'In file included from \x1b[01m\x1b[K/usr/include/eigen3/Eigen/Core:295\x1b[m\x1b[K,\n'}
[3.089344] (consenso_pkg) StderrLine: {'line': b'                 from \x1b[01m\x1b[K/usr/include/eigen3/Eigen/Dense:1\x1b[m\x1b[K,\n'}
[3.089392] (consenso_pkg) StderrLine: {'line': b'                 from \x1b[01m\x1b[K/home/fortunato/ros2_ws/src/consenso/src/nodo.cpp:3\x1b[m\x1b[K:\n'}
[3.089440] (consenso_pkg) StderrLine: {'line': b'\x1b[01m\x1b[K/usr/include/eigen3/Eigen/src/Core/Matrix.h:206:33:\x1b[m\x1b[K \x1b[01;36m\x1b[Knote: \x1b[m\x1b[Kcandidate: \xe2\x80\x98\x1b[01m\x1b[KEigen::Matrix<_Scalar, _Rows, _Cols, _Options, _MaxRows, _MaxCols>& Eigen::Matrix<_Scalar, _Rows, _Cols, _Options, _MaxRows, _MaxCols>::operator=(const Eigen::Matrix<_Scalar, _Rows, _Cols, _Options, _MaxRows, _MaxCols>&) [with _Scalar = double; int _Rows = -1; int _Cols = -1; int _Options = 0; int _MaxRows = -1; int _MaxCols = -1]\x1b[m\x1b[K\xe2\x80\x99\n'}
[3.089549] (consenso_pkg) StderrLine: {'line': b'  206 |     EIGEN_STRONG_INLINE Matrix& \x1b[01;36m\x1b[Koperator\x1b[m\x1b[K=(const Matrix& other)\n'}
[3.089605] (consenso_pkg) StderrLine: {'line': b'      |                                 \x1b[01;36m\x1b[K^~~~~~~~\x1b[m\x1b[K\n'}
[3.089654] (consenso_pkg) StderrLine: {'line': b'\x1b[01m\x1b[K/usr/include/eigen3/Eigen/src/Core/Matrix.h:206:57:\x1b[m\x1b[K \x1b[01;36m\x1b[Knote: \x1b[m\x1b[K  no known conversion for argument 1 from \xe2\x80\x98\x1b[01m\x1b[Kexample_interfaces::msg::Float64MultiArray_<std::allocator<void> >::_data_type\x1b[m\x1b[K\xe2\x80\x99 {aka \xe2\x80\x98\x1b[01m\x1b[Kstd::vector<double, std::allocator<double> >\x1b[m\x1b[K\xe2\x80\x99} to \xe2\x80\x98\x1b[01m\x1b[Kconst Eigen::Matrix<double, -1, -1>&\x1b[m\x1b[K\xe2\x80\x99\n'}
[3.089706] (consenso_pkg) StderrLine: {'line': b'  206 |     EIGEN_STRONG_INLINE Matrix& operator=(\x1b[01;36m\x1b[Kconst Matrix& other\x1b[m\x1b[K)\n'}
[3.089756] (consenso_pkg) StderrLine: {'line': b'      |                                           \x1b[01;36m\x1b[K~~~~~~~~~~~~~~^~~~~\x1b[m\x1b[K\n'}
[3.089804] (consenso_pkg) StderrLine: {'line': b'\x1b[01m\x1b[K/usr/include/eigen3/Eigen/src/Core/Matrix.h:279:13:\x1b[m\x1b[K \x1b[01;36m\x1b[Knote: \x1b[m\x1b[Kcandidate: \xe2\x80\x98\x1b[01m\x1b[KEigen::Matrix<_Scalar, _Rows, _Cols, _Options, _MaxRows, _MaxCols>& Eigen::Matrix<_Scalar, _Rows, _Cols, _Options, _MaxRows, _MaxCols>::operator=(Eigen::Matrix<_Scalar, _Rows, _Cols, _Options, _MaxRows, _MaxCols>&&) [with _Scalar = double; int _Rows = -1; int _Cols = -1; int _Options = 0; int _MaxRows = -1; int _MaxCols = -1]\x1b[m\x1b[K\xe2\x80\x99\n'}
[3.089858] (consenso_pkg) StderrLine: {'line': b'  279 |     Matrix& \x1b[01;36m\x1b[Koperator\x1b[m\x1b[K=(Matrix&& other) EIGEN_NOEXCEPT_IF(std::is_nothrow_move_assignable<Scalar>::value)\n'}
[3.089908] (consenso_pkg) StderrLine: {'line': b'      |             \x1b[01;36m\x1b[K^~~~~~~~\x1b[m\x1b[K\n'}
[3.089958] (consenso_pkg) StderrLine: {'line': b'\x1b[01m\x1b[K/usr/include/eigen3/Eigen/src/Core/Matrix.h:279:32:\x1b[m\x1b[K \x1b[01;36m\x1b[Knote: \x1b[m\x1b[K  no known conversion for argument 1 from \xe2\x80\x98\x1b[01m\x1b[Kexample_interfaces::msg::Float64MultiArray_<std::allocator<void> >::_data_type\x1b[m\x1b[K\xe2\x80\x99 {aka \xe2\x80\x98\x1b[01m\x1b[Kstd::vector<double, std::allocator<double> >\x1b[m\x1b[K\xe2\x80\x99} to \xe2\x80\x98\x1b[01m\x1b[KEigen::Matrix<double, -1, -1>&&\x1b[m\x1b[K\xe2\x80\x99\n'}
[3.090018] (consenso_pkg) StderrLine: {'line': b'  279 |     Matrix& operator=(\x1b[01;36m\x1b[KMatrix&& other\x1b[m\x1b[K) EIGEN_NOEXCEPT_IF(std::is_nothrow_move_assignable<Scalar>::value)\n'}
[3.090069] (consenso_pkg) StderrLine: {'line': b'      |                       \x1b[01;36m\x1b[K~~~~~~~~~^~~~~\x1b[m\x1b[K\n'}
[3.090118] (consenso_pkg) StderrLine: {'line': b'\x1b[01m\x1b[K/home/fortunato/ros2_ws/src/consenso/src/nodo.cpp:\x1b[m\x1b[K In constructor \xe2\x80\x98\x1b[01m\x1b[KNodoConsenso::NodoConsenso()\x1b[m\x1b[K\xe2\x80\x99:\n'}
[3.090168] (consenso_pkg) StderrLine: {'line': b'\x1b[01m\x1b[K/home/fortunato/ros2_ws/src/consenso/src/nodo.cpp:69:20:\x1b[m\x1b[K \x1b[01;31m\x1b[Kerror: \x1b[m\x1b[Kcapture of non-variable \xe2\x80\x98\x1b[01m\x1b[KNodoConsenso::idr\x1b[m\x1b[K\xe2\x80\x99\n'}
[3.090218] (consenso_pkg) StderrLine: {'line': b'   69 |             [this, \x1b[01;31m\x1b[Kidr\x1b[m\x1b[K](const example_interfaces::msg::Float64MultiArray::SharedPtr msg)\n'}
[3.090267] (consenso_pkg) StderrLine: {'line': b'      |                    \x1b[01;31m\x1b[K^~~\x1b[m\x1b[K\n'}
[3.090316] (consenso_pkg) StderrLine: {'line': b'\x1b[01m\x1b[K/home/fortunato/ros2_ws/src/consenso/src/nodo.cpp:125:13:\x1b[m\x1b[K \x1b[01;36m\x1b[Knote: \x1b[m\x1b[K\xe2\x80\x98\x1b[01m\x1b[Kint NodoConsenso::idr\x1b[m\x1b[K\xe2\x80\x99 declared here\n'}
[3.090365] (consenso_pkg) StderrLine: {'line': b'  125 |     int idl,\x1b[01;36m\x1b[Kidr\x1b[m\x1b[K;\n'}
[3.090442] (consenso_pkg) StderrLine: {'line': b'      |             \x1b[01;36m\x1b[K^~~\x1b[m\x1b[K\n'}
[3.090492] (consenso_pkg) StderrLine: {'line': b'\x1b[01m\x1b[K/home/fortunato/ros2_ws/src/consenso/src/nodo.cpp:\x1b[m\x1b[K In lambda function:\n'}
[3.090552] (consenso_pkg) StderrLine: {'line': b'\x1b[01m\x1b[K/home/fortunato/ros2_ws/src/consenso/src/nodo.cpp:72:40:\x1b[m\x1b[K \x1b[01;31m\x1b[Kerror: \x1b[m\x1b[Kno match for \xe2\x80\x98\x1b[01m\x1b[Koperator=\x1b[m\x1b[K\xe2\x80\x99 (operand types are \xe2\x80\x98\x1b[01m\x1b[KEigen::MatrixXd\x1b[m\x1b[K\xe2\x80\x99 {aka \xe2\x80\x98\x1b[01m\x1b[KEigen::Matrix<double, -1, -1>\x1b[m\x1b[K\xe2\x80\x99} and \xe2\x80\x98\x1b[01m\x1b[Kexample_interfaces::msg::Float64MultiArray_<std::allocator<void> >::_data_type\x1b[m\x1b[K\xe2\x80\x99 {aka \xe2\x80\x98\x1b[01m\x1b[Kstd::vector<double, std::allocator<double> >\x1b[m\x1b[K\xe2\x80\x99})\n'}
[3.090610] (consenso_pkg) StderrLine: {'line': b'   72 |                     neighbor_vr = msg->\x1b[01;31m\x1b[Kdata\x1b[m\x1b[K;\n'}
[3.090659] (consenso_pkg) StderrLine: {'line': b'      |                                        \x1b[01;31m\x1b[K^~~~\x1b[m\x1b[K\n'}
[3.090707] (consenso_pkg) StderrLine: {'line': b'In file included from \x1b[01m\x1b[K/usr/include/eigen3/Eigen/Core:295\x1b[m\x1b[K,\n'}
[3.090755] (consenso_pkg) StderrLine: {'line': b'                 from \x1b[01m\x1b[K/usr/include/eigen3/Eigen/Dense:1\x1b[m\x1b[K,\n'}
[3.090803] (consenso_pkg) StderrLine: {'line': b'                 from \x1b[01m\x1b[K/home/fortunato/ros2_ws/src/consenso/src/nodo.cpp:3\x1b[m\x1b[K:\n'}
[3.090851] (consenso_pkg) StderrLine: {'line': b'\x1b[01m\x1b[K/usr/include/eigen3/Eigen/src/Core/Matrix.h:223:33:\x1b[m\x1b[K \x1b[01;36m\x1b[Knote: \x1b[m\x1b[Kcandidate: \xe2\x80\x98\x1b[01m\x1b[Ktemplate<class OtherDerived> Eigen::Matrix<_Scalar, _Rows, _Cols, _Options, _MaxRows, _MaxCols>& Eigen::Matrix<_Scalar, _Rows, _Cols, _Options, _MaxRows, _MaxCols>::operator=(const Eigen::DenseBase<OtherDerived>&) [with OtherDerived = OtherDerived; _Scalar = double; int _Rows = -1; int _Cols = -1; int _Options = 0; int _MaxRows = -1; int _MaxCols = -1]\x1b[m\x1b[K\xe2\x80\x99\n'}
[3.090908] (consenso_pkg) StderrLine: {'line': b'  223 |     EIGEN_STRONG_INLINE Matrix& \x1b[01;36m\x1b[Koperator\x1b[m\x1b[K=(const DenseBase<OtherDerived>& other)\n'}
[3.090957] (consenso_pkg) StderrLine: {'line': b'      |                                 \x1b[01;36m\x1b[K^~~~~~~~\x1b[m\x1b[K\n'}
[3.091036] (consenso_pkg) StderrLine: {'line': b'\x1b[01m\x1b[K/usr/include/eigen3/Eigen/src/Core/Matrix.h:223:33:\x1b[m\x1b[K \x1b[01;36m\x1b[Knote: \x1b[m\x1b[K  template argument deduction/substitution failed:\n'}
[3.091117] (consenso_pkg) StderrLine: {'line': b'\x1b[01m\x1b[K/home/fortunato/ros2_ws/src/consenso/src/nodo.cpp:72:40:\x1b[m\x1b[K \x1b[01;36m\x1b[Knote: \x1b[m\x1b[K  \xe2\x80\x98\x1b[01m\x1b[Kexample_interfaces::msg::Float64MultiArray_<std::allocator<void> >::_data_type\x1b[m\x1b[K\xe2\x80\x99 {aka \xe2\x80\x98\x1b[01m\x1b[Kstd::vector<double, std::allocator<double> >\x1b[m\x1b[K\xe2\x80\x99} is not derived from \xe2\x80\x98\x1b[01m\x1b[Kconst Eigen::DenseBase<Derived>\x1b[m\x1b[K\xe2\x80\x99\n'}
[3.091197] (consenso_pkg) StderrLine: {'line': b'   72 |                     neighbor_vr = msg->\x1b[01;36m\x1b[Kdata\x1b[m\x1b[K;\n'}
[3.091298] (consenso_pkg) StderrLine: {'line': b'      |                                        \x1b[01;36m\x1b[K^~~~\x1b[m\x1b[K\n'}
[3.091362] (consenso_pkg) StderrLine: {'line': b'In file included from \x1b[01m\x1b[K/usr/include/eigen3/Eigen/Core:295\x1b[m\x1b[K,\n'}
[3.091412] (consenso_pkg) StderrLine: {'line': b'                 from \x1b[01m\x1b[K/usr/include/eigen3/Eigen/Dense:1\x1b[m\x1b[K,\n'}
[3.091461] (consenso_pkg) StderrLine: {'line': b'                 from \x1b[01m\x1b[K/home/fortunato/ros2_ws/src/consenso/src/nodo.cpp:3\x1b[m\x1b[K:\n'}
[3.091510] (consenso_pkg) StderrLine: {'line': b'\x1b[01m\x1b[K/usr/include/eigen3/Eigen/src/Core/Matrix.h:236:33:\x1b[m\x1b[K \x1b[01;36m\x1b[Knote: \x1b[m\x1b[Kcandidate: \xe2\x80\x98\x1b[01m\x1b[Ktemplate<class OtherDerived> Eigen::Matrix<_Scalar, _Rows, _Cols, _Options, _MaxRows, _MaxCols>& Eigen::Matrix<_Scalar, _Rows, _Cols, _Options, _MaxRows, _MaxCols>::operator=(const Eigen::EigenBase<OtherDerived>&) [with OtherDerived = OtherDerived; _Scalar = double; int _Rows = -1; int _Cols = -1; int _Options = 0; int _MaxRows = -1; int _MaxCols = -1]\x1b[m\x1b[K\xe2\x80\x99\n'}
[3.091578] (consenso_pkg) StderrLine: {'line': b'  236 |     EIGEN_STRONG_INLINE Matrix& \x1b[01;36m\x1b[Koperator\x1b[m\x1b[K=(const EigenBase<OtherDerived> &other)\n'}
[3.091629] (consenso_pkg) StderrLine: {'line': b'      |                                 \x1b[01;36m\x1b[K^~~~~~~~\x1b[m\x1b[K\n'}
[3.091677] (consenso_pkg) StderrLine: {'line': b'\x1b[01m\x1b[K/usr/include/eigen3/Eigen/src/Core/Matrix.h:236:33:\x1b[m\x1b[K \x1b[01;36m\x1b[Knote: \x1b[m\x1b[K  template argument deduction/substitution failed:\n'}
[3.091726] (consenso_pkg) StderrLine: {'line': b'\x1b[01m\x1b[K/home/fortunato/ros2_ws/src/consenso/src/nodo.cpp:72:40:\x1b[m\x1b[K \x1b[01;36m\x1b[Knote: \x1b[m\x1b[K  \xe2\x80\x98\x1b[01m\x1b[Kexample_interfaces::msg::Float64MultiArray_<std::allocator<void> >::_data_type\x1b[m\x1b[K\xe2\x80\x99 {aka \xe2\x80\x98\x1b[01m\x1b[Kstd::vector<double, std::allocator<double> >\x1b[m\x1b[K\xe2\x80\x99} is not derived from \xe2\x80\x98\x1b[01m\x1b[Kconst Eigen::EigenBase<Derived>\x1b[m\x1b[K\xe2\x80\x99\n'}
[3.091778] (consenso_pkg) StderrLine: {'line': b'   72 |                     neighbor_vr = msg->\x1b[01;36m\x1b[Kdata\x1b[m\x1b[K;\n'}
[3.091825] (consenso_pkg) StderrLine: {'line': b'      |                                        \x1b[01;36m\x1b[K^~~~\x1b[m\x1b[K\n'}
[3.091873] (consenso_pkg) StderrLine: {'line': b'In file included from \x1b[01m\x1b[K/usr/include/eigen3/Eigen/Core:295\x1b[m\x1b[K,\n'}
[3.091921] (consenso_pkg) StderrLine: {'line': b'                 from \x1b[01m\x1b[K/usr/include/eigen3/Eigen/Dense:1\x1b[m\x1b[K,\n'}
[3.091969] (consenso_pkg) StderrLine: {'line': b'                 from \x1b[01m\x1b[K/home/fortunato/ros2_ws/src/consenso/src/nodo.cpp:3\x1b[m\x1b[K:\n'}
[3.092016] (consenso_pkg) StderrLine: {'line': b'\x1b[01m\x1b[K/usr/include/eigen3/Eigen/src/Core/Matrix.h:243:33:\x1b[m\x1b[K \x1b[01;36m\x1b[Knote: \x1b[m\x1b[Kcandidate: \xe2\x80\x98\x1b[01m\x1b[Ktemplate<class OtherDerived> Eigen::Matrix<_Scalar, _Rows, _Cols, _Options, _MaxRows, _MaxCols>& Eigen::Matrix<_Scalar, _Rows, _Cols, _Options, _MaxRows, _MaxCols>::operator=(const Eigen::ReturnByValue<OtherDerived>&) [with OtherDerived = OtherDerived; _Scalar = double; int _Rows = -1; int _Cols = -1; int _Options = 0; int _MaxRows = -1; int _MaxCols = -1]\x1b[m\x1b[K\xe2\x80\x99\n'}
[3.092073] (consenso_pkg) StderrLine: {'line': b'  243 |     EIGEN_STRONG_INLINE Matrix& \x1b[01;36m\x1b[Koperator\x1b[m\x1b[K=(const ReturnByValue<OtherDerived>& func)\n'}
[3.092121] (consenso_pkg) StderrLine: {'line': b'      |                                 \x1b[01;36m\x1b[K^~~~~~~~\x1b[m\x1b[K\n'}
[3.092169] (consenso_pkg) StderrLine: {'line': b'\x1b[01m\x1b[K/usr/include/eigen3/Eigen/src/Core/Matrix.h:243:33:\x1b[m\x1b[K \x1b[01;36m\x1b[Knote: \x1b[m\x1b[K  template argument deduction/substitution failed:\n'}
[3.092217] (consenso_pkg) StderrLine: {'line': b'\x1b[01m\x1b[K/home/fortunato/ros2_ws/src/consenso/src/nodo.cpp:72:40:\x1b[m\x1b[K \x1b[01;36m\x1b[Knote: \x1b[m\x1b[K  \xe2\x80\x98\x1b[01m\x1b[Kexample_interfaces::msg::Float64MultiArray_<std::allocator<void> >::_data_type\x1b[m\x1b[K\xe2\x80\x99 {aka \xe2\x80\x98\x1b[01m\x1b[Kstd::vector<double, std::allocator<double> >\x1b[m\x1b[K\xe2\x80\x99} is not derived from \xe2\x80\x98\x1b[01m\x1b[Kconst Eigen::ReturnByValue<Derived>\x1b[m\x1b[K\xe2\x80\x99\n'}
[3.092268] (consenso_pkg) StderrLine: {'line': b'   72 |                     neighbor_vr = msg->\x1b[01;36m\x1b[Kdata\x1b[m\x1b[K;\n'}
[3.092316] (consenso_pkg) StderrLine: {'line': b'      |                                        \x1b[01;36m\x1b[K^~~~\x1b[m\x1b[K\n'}
[3.092364] (consenso_pkg) StderrLine: {'line': b'In file included from \x1b[01m\x1b[K/usr/include/eigen3/Eigen/Core:295\x1b[m\x1b[K,\n'}
[3.092412] (consenso_pkg) StderrLine: {'line': b'                 from \x1b[01m\x1b[K/usr/include/eigen3/Eigen/Dense:1\x1b[m\x1b[K,\n'}
[3.092461] (consenso_pkg) StderrLine: {'line': b'                 from \x1b[01m\x1b[K/home/fortunato/ros2_ws/src/consenso/src/nodo.cpp:3\x1b[m\x1b[K:\n'}
[3.092509] (consenso_pkg) StderrLine: {'line': b'\x1b[01m\x1b[K/usr/include/eigen3/Eigen/src/Core/Matrix.h:438:13:\x1b[m\x1b[K \x1b[01;36m\x1b[Knote: \x1b[m\x1b[Kcandidate: \xe2\x80\x98\x1b[01m\x1b[Ktemplate<class OtherDerived> Eigen::Matrix<_Scalar, _Rows, _Cols, _Options, _MaxRows, _MaxCols>& Eigen::Matrix<_Scalar, _Rows, _Cols, _Options, _MaxRows, _MaxCols>::operator=(const Eigen::RotationBase<OtherDerived, Eigen::Matrix<_Scalar, _Rows, _Cols, _Options, _MaxRows, _MaxCols>::ColsAtCompileTime>&) [with OtherDerived = OtherDerived; _Scalar = double; int _Rows = -1; int _Cols = -1; int _Options = 0; int _MaxRows = -1; int _MaxCols = -1]\x1b[m\x1b[K\xe2\x80\x99\n'}
[3.092578] (consenso_pkg) StderrLine: {'line': b'  438 |     Matrix& \x1b[01;36m\x1b[Koperator\x1b[m\x1b[K=(const RotationBase<OtherDerived,ColsAtCompileTime>& r);\n'}
[3.092629] (consenso_pkg) StderrLine: {'line': b'      |             \x1b[01;36m\x1b[K^~~~~~~~\x1b[m\x1b[K\n'}
[3.092677] (consenso_pkg) StderrLine: {'line': b'\x1b[01m\x1b[K/usr/include/eigen3/Eigen/src/Core/Matrix.h:438:13:\x1b[m\x1b[K \x1b[01;36m\x1b[Knote: \x1b[m\x1b[K  template argument deduction/substitution failed:\n'}
[3.092725] (consenso_pkg) StderrLine: {'line': b'\x1b[01m\x1b[K/home/fortunato/ros2_ws/src/consenso/src/nodo.cpp:72:40:\x1b[m\x1b[K \x1b[01;36m\x1b[Knote: \x1b[m\x1b[K  \xe2\x80\x98\x1b[01m\x1b[Kexample_interfaces::msg::Float64MultiArray_<std::allocator<void> >::_data_type\x1b[m\x1b[K\xe2\x80\x99 {aka \xe2\x80\x98\x1b[01m\x1b[Kstd::vector<double, std::allocator<double> >\x1b[m\x1b[K\xe2\x80\x99} is not derived from \xe2\x80\x98\x1b[01m\x1b[Kconst Eigen::RotationBase<OtherDerived, -1>\x1b[m\x1b[K\xe2\x80\x99\n'}
[3.092780] (consenso_pkg) StderrLine: {'line': b'   72 |                     neighbor_vr = msg->\x1b[01;36m\x1b[Kdata\x1b[m\x1b[K;\n'}
[3.092829] (consenso_pkg) StderrLine: {'line': b'      |                                        \x1b[01;36m\x1b[K^~~~\x1b[m\x1b[K\n'}
[3.092877] (consenso_pkg) StderrLine: {'line': b'In file included from \x1b[01m\x1b[K/usr/include/eigen3/Eigen/Core:295\x1b[m\x1b[K,\n'}
[3.092929] (consenso_pkg) StderrLine: {'line': b'                 from \x1b[01m\x1b[K/usr/include/eigen3/Eigen/Dense:1\x1b[m\x1b[K,\n'}
[3.092976] (consenso_pkg) StderrLine: {'line': b'                 from \x1b[01m\x1b[K/home/fortunato/ros2_ws/src/consenso/src/nodo.cpp:3\x1b[m\x1b[K:\n'}
[3.093024] (consenso_pkg) StderrLine: {'line': b'\x1b[01m\x1b[K/usr/include/eigen3/Eigen/src/Core/Matrix.h:206:33:\x1b[m\x1b[K \x1b[01;36m\x1b[Knote: \x1b[m\x1b[Kcandidate: \xe2\x80\x98\x1b[01m\x1b[KEigen::Matrix<_Scalar, _Rows, _Cols, _Options, _MaxRows, _MaxCols>& Eigen::Matrix<_Scalar, _Rows, _Cols, _Options, _MaxRows, _MaxCols>::operator=(const Eigen::Matrix<_Scalar, _Rows, _Cols, _Options, _MaxRows, _MaxCols>&) [with _Scalar = double; int _Rows = -1; int _Cols = -1; int _Options = 0; int _MaxRows = -1; int _MaxCols = -1]\x1b[m\x1b[K\xe2\x80\x99\n'}
[3.093089] (consenso_pkg) StderrLine: {'line': b'  206 |     EIGEN_STRONG_INLINE Matrix& \x1b[01;36m\x1b[Koperator\x1b[m\x1b[K=(const Matrix& other)\n'}
[3.093139] (consenso_pkg) StderrLine: {'line': b'      |                                 \x1b[01;36m\x1b[K^~~~~~~~\x1b[m\x1b[K\n'}
[3.093187] (consenso_pkg) StderrLine: {'line': b'\x1b[01m\x1b[K/usr/include/eigen3/Eigen/src/Core/Matrix.h:206:57:\x1b[m\x1b[K \x1b[01;36m\x1b[Knote: \x1b[m\x1b[K  no known conversion for argument 1 from \xe2\x80\x98\x1b[01m\x1b[Kexample_interfaces::msg::Float64MultiArray_<std::allocator<void> >::_data_type\x1b[m\x1b[K\xe2\x80\x99 {aka \xe2\x80\x98\x1b[01m\x1b[Kstd::vector<double, std::allocator<double> >\x1b[m\x1b[K\xe2\x80\x99} to \xe2\x80\x98\x1b[01m\x1b[Kconst Eigen::Matrix<double, -1, -1>&\x1b[m\x1b[K\xe2\x80\x99\n'}
[3.093240] (consenso_pkg) StderrLine: {'line': b'  206 |     EIGEN_STRONG_INLINE Matrix& operator=(\x1b[01;36m\x1b[Kconst Matrix& other\x1b[m\x1b[K)\n'}
[3.093289] (consenso_pkg) StderrLine: {'line': b'      |                                           \x1b[01;36m\x1b[K~~~~~~~~~~~~~~^~~~~\x1b[m\x1b[K\n'}
[3.093338] (consenso_pkg) StderrLine: {'line': b'\x1b[01m\x1b[K/usr/include/eigen3/Eigen/src/Core/Matrix.h:279:13:\x1b[m\x1b[K \x1b[01;36m\x1b[Knote: \x1b[m\x1b[Kcandidate: \xe2\x80\x98\x1b[01m\x1b[KEigen::Matrix<_Scalar, _Rows, _Cols, _Options, _MaxRows, _MaxCols>& Eigen::Matrix<_Scalar, _Rows, _Cols, _Options, _MaxRows, _MaxCols>::operator=(Eigen::Matrix<_Scalar, _Rows, _Cols, _Options, _MaxRows, _MaxCols>&&) [with _Scalar = double; int _Rows = -1; int _Cols = -1; int _Options = 0; int _MaxRows = -1; int _MaxCols = -1]\x1b[m\x1b[K\xe2\x80\x99\n'}
[3.093390] (consenso_pkg) StderrLine: {'line': b'  279 |     Matrix& \x1b[01;36m\x1b[Koperator\x1b[m\x1b[K=(Matrix&& other) EIGEN_NOEXCEPT_IF(std::is_nothrow_move_assignable<Scalar>::value)\n'}
[3.093440] (consenso_pkg) StderrLine: {'line': b'      |             \x1b[01;36m\x1b[K^~~~~~~~\x1b[m\x1b[K\n'}
[3.093489] (consenso_pkg) StderrLine: {'line': b'\x1b[01m\x1b[K/usr/include/eigen3/Eigen/src/Core/Matrix.h:279:32:\x1b[m\x1b[K \x1b[01;36m\x1b[Knote: \x1b[m\x1b[K  no known conversion for argument 1 from \xe2\x80\x98\x1b[01m\x1b[Kexample_interfaces::msg::Float64MultiArray_<std::allocator<void> >::_data_type\x1b[m\x1b[K\xe2\x80\x99 {aka \xe2\x80\x98\x1b[01m\x1b[Kstd::vector<double, std::allocator<double> >\x1b[m\x1b[K\xe2\x80\x99} to \xe2\x80\x98\x1b[01m\x1b[KEigen::Matrix<double, -1, -1>&&\x1b[m\x1b[K\xe2\x80\x99\n'}
[3.093557] (consenso_pkg) StderrLine: {'line': b'  279 |     Matrix& operator=(\x1b[01;36m\x1b[KMatrix&& other\x1b[m\x1b[K) EIGEN_NOEXCEPT_IF(std::is_nothrow_move_assignable<Scalar>::value)\n'}
[3.093608] (consenso_pkg) StderrLine: {'line': b'      |                       \x1b[01;36m\x1b[K~~~~~~~~~^~~~~\x1b[m\x1b[K\n'}
[3.093658] (consenso_pkg) StderrLine: {'line': b'\x1b[01m\x1b[K/home/fortunato/ros2_ws/src/consenso/src/nodo.cpp:\x1b[m\x1b[K In constructor \xe2\x80\x98\x1b[01m\x1b[KNodoConsenso::NodoConsenso()\x1b[m\x1b[K\xe2\x80\x99:\n'}
[3.093707] (consenso_pkg) StderrLine: {'line': b'\x1b[01m\x1b[K/home/fortunato/ros2_ws/src/consenso/src/nodo.cpp:77:16:\x1b[m\x1b[K \x1b[01;31m\x1b[Kerror: \x1b[m\x1b[K\xe2\x80\x98\x1b[01m\x1b[Kusing SharedPtr = class std::shared_ptr<rclcpp::Subscription<example_interfaces::msg::Float64MultiArray_<std::allocator<void> > > >\x1b[m\x1b[K\xe2\x80\x99 {aka \xe2\x80\x98\x1b[01m\x1b[Kclass std::shared_ptr<rclcpp::Subscription<example_interfaces::msg::Float64MultiArray_<std::allocator<void> > > >\x1b[m\x1b[K\xe2\x80\x99} has no member named \xe2\x80\x98\x1b[01m\x1b[Kpush_back\x1b[m\x1b[K\xe2\x80\x99\n'}
[3.093773] (consenso_pkg) StderrLine: {'line': b'   77 |         V_subs.\x1b[01;31m\x1b[Kpush_back\x1b[m\x1b[K(V_subl);\n'}
[3.093827] (consenso_pkg) StderrLine: {'line': b'      |                \x1b[01;31m\x1b[K^~~~~~~~~\x1b[m\x1b[K\n'}
[3.093877] (consenso_pkg) StderrLine: {'line': b'\x1b[01m\x1b[K/home/fortunato/ros2_ws/src/consenso/src/nodo.cpp:78:16:\x1b[m\x1b[K \x1b[01;31m\x1b[Kerror: \x1b[m\x1b[K\xe2\x80\x98\x1b[01m\x1b[Kusing SharedPtr = class std::shared_ptr<rclcpp::Subscription<example_interfaces::msg::Float64MultiArray_<std::allocator<void> > > >\x1b[m\x1b[K\xe2\x80\x99 {aka \xe2\x80\x98\x1b[01m\x1b[Kclass std::shared_ptr<rclcpp::Subscription<example_interfaces::msg::Float64MultiArray_<std::allocator<void> > > >\x1b[m\x1b[K\xe2\x80\x99} has no member named \xe2\x80\x98\x1b[01m\x1b[Kpush_back\x1b[m\x1b[K\xe2\x80\x99\n'}
[3.093933] (consenso_pkg) StderrLine: {'line': b'   78 |         v_subs.\x1b[01;31m\x1b[Kpush_back\x1b[m\x1b[K(v_subl);\n'}
[3.093984] (consenso_pkg) StderrLine: {'line': b'      |                \x1b[01;31m\x1b[K^~~~~~~~~\x1b[m\x1b[K\n'}
[3.094041] (consenso_pkg) StderrLine: {'line': b'\x1b[01m\x1b[K/home/fortunato/ros2_ws/src/consenso/src/nodo.cpp:79:16:\x1b[m\x1b[K \x1b[01;31m\x1b[Kerror: \x1b[m\x1b[K\xe2\x80\x98\x1b[01m\x1b[Kusing SharedPtr = class std::shared_ptr<rclcpp::Subscription<example_interfaces::msg::Float64MultiArray_<std::allocator<void> > > >\x1b[m\x1b[K\xe2\x80\x99 {aka \xe2\x80\x98\x1b[01m\x1b[Kclass std::shared_ptr<rclcpp::Subscription<example_interfaces::msg::Float64MultiArray_<std::allocator<void> > > >\x1b[m\x1b[K\xe2\x80\x99} has no member named \xe2\x80\x98\x1b[01m\x1b[Kpush_back\x1b[m\x1b[K\xe2\x80\x99\n'}
[3.094111] (consenso_pkg) StderrLine: {'line': b'   79 |         V_subs.\x1b[01;31m\x1b[Kpush_back\x1b[m\x1b[K(V_subr);\n'}
[3.094164] (consenso_pkg) StderrLine: {'line': b'      |                \x1b[01;31m\x1b[K^~~~~~~~~\x1b[m\x1b[K\n'}
[3.094217] (consenso_pkg) StderrLine: {'line': b'\x1b[01m\x1b[K/home/fortunato/ros2_ws/src/consenso/src/nodo.cpp:80:16:\x1b[m\x1b[K \x1b[01;31m\x1b[Kerror: \x1b[m\x1b[K\xe2\x80\x98\x1b[01m\x1b[Kusing SharedPtr = class std::shared_ptr<rclcpp::Subscription<example_interfaces::msg::Float64MultiArray_<std::allocator<void> > > >\x1b[m\x1b[K\xe2\x80\x99 {aka \xe2\x80\x98\x1b[01m\x1b[Kclass std::shared_ptr<rclcpp::Subscription<example_interfaces::msg::Float64MultiArray_<std::allocator<void> > > >\x1b[m\x1b[K\xe2\x80\x99} has no member named \xe2\x80\x98\x1b[01m\x1b[Kpush_back\x1b[m\x1b[K\xe2\x80\x99\n'}
[3.094273] (consenso_pkg) StderrLine: {'line': b'   80 |         v_subs.\x1b[01;31m\x1b[Kpush_back\x1b[m\x1b[K(v_subr);\n'}
[3.094326] (consenso_pkg) StderrLine: {'line': b'      |                \x1b[01;31m\x1b[K^~~~~~~~~\x1b[m\x1b[K\n'}
[3.094378] (consenso_pkg) StderrLine: {'line': b'\x1b[01m\x1b[K/home/fortunato/ros2_ws/src/consenso/src/nodo.cpp:90:9:\x1b[m\x1b[K \x1b[01;31m\x1b[Kerror: \x1b[m\x1b[K\xe2\x80\x98\x1b[01m\x1b[Kinput_sub\x1b[m\x1b[K\xe2\x80\x99 was not declared in this scope\n'}
[3.094432] (consenso_pkg) StderrLine: {'line': b'   90 |         \x1b[01;31m\x1b[Kinput_sub\x1b[m\x1b[K = this->create_subscription<example_interfaces::msg::Float64MultiArray>(\n'}
[3.094485] (consenso_pkg) StderrLine: {'line': b'      |         \x1b[01;31m\x1b[K^~~~~~~~~\x1b[m\x1b[K\n'}
[3.094638] (consenso_pkg) StderrLine: {'line': b'\x1b[01m\x1b[K/home/fortunato/ros2_ws/src/consenso/src/nodo.cpp:91:39:\x1b[m\x1b[K \x1b[01;31m\x1b[Kerror: \x1b[m\x1b[K\xe2\x80\x98\x1b[01m\x1b[Kid\x1b[m\x1b[K\xe2\x80\x99 was not declared in this scope; did you mean \xe2\x80\x98\x1b[01m\x1b[Kid_\x1b[m\x1b[K\xe2\x80\x99?\n'}
[3.094729] (consenso_pkg) StderrLine: {'line': b'   91 |             "/node_" + std::to_string(\x1b[01;31m\x1b[Kid\x1b[m\x1b[K) + "/input",\n'}
[3.094793] (consenso_pkg) StderrLine: {'line': b'      |                                       \x1b[01;31m\x1b[K^~\x1b[m\x1b[K\n'}
[3.094846] (consenso_pkg) StderrLine: {'line': b'      |                                       \x1b[32m\x1b[Kid_\x1b[m\x1b[K\n'}
[3.107907] (-) TimerEvent: {}
[3.208150] (-) TimerEvent: {}
[3.225287] (consenso_pkg) StderrLine: {'line': b'\x1b[01m\x1b[K/home/fortunato/ros2_ws/src/consenso/src/nodo.cpp:\x1b[m\x1b[K In member function \xe2\x80\x98\x1b[01m\x1b[Kvoid NodoConsenso::icf12()\x1b[m\x1b[K\xe2\x80\x99:\n'}
[3.225439] (consenso_pkg) StderrLine: {'line': b'\x1b[01m\x1b[K/home/fortunato/ros2_ws/src/consenso/src/nodo.cpp:173:78:\x1b[m\x1b[K \x1b[01;31m\x1b[Kerror: \x1b[m\x1b[K\xe2\x80\x98\x1b[01m\x1b[Kz\x1b[m\x1b[K\xe2\x80\x99 was not declared in this scope\n'}
[3.225497] (consenso_pkg) StderrLine: {'line': b'  173 | v_ = (1 / N) * J_priori * x_priori + H_.transpose() * R_.inverse() * \x1b[01;31m\x1b[Kz\x1b[m\x1b[K;\n'}
[3.225596] (consenso_pkg) StderrLine: {'line': b'      |                                                                      \x1b[01;31m\x1b[K^\x1b[m\x1b[K\n'}
[3.225647] (consenso_pkg) StderrLine: {'line': b'\n'}
[3.308284] (-) TimerEvent: {}
[3.408584] (-) TimerEvent: {}
[3.508833] (-) TimerEvent: {}
[3.609072] (-) TimerEvent: {}
[3.709332] (-) TimerEvent: {}
[3.809631] (-) TimerEvent: {}
[3.909865] (-) TimerEvent: {}
[4.010151] (-) TimerEvent: {}
[4.110760] (-) TimerEvent: {}
[4.211214] (-) TimerEvent: {}
[4.311477] (-) TimerEvent: {}
[4.411794] (-) TimerEvent: {}
[4.512044] (-) TimerEvent: {}
[4.612333] (-) TimerEvent: {}
[4.712614] (-) TimerEvent: {}
[4.812903] (-) TimerEvent: {}
[4.913203] (-) TimerEvent: {}
[5.013612] (-) TimerEvent: {}
[5.113926] (-) TimerEvent: {}
[5.214221] (-) TimerEvent: {}
[5.314490] (-) TimerEvent: {}
[5.414795] (-) TimerEvent: {}
[5.515064] (-) TimerEvent: {}
[5.615353] (-) TimerEvent: {}
[5.715617] (-) TimerEvent: {}
[5.815870] (-) TimerEvent: {}
[5.916152] (-) TimerEvent: {}
[6.016435] (-) TimerEvent: {}
[6.116756] (-) TimerEvent: {}
[6.217049] (-) TimerEvent: {}
[6.317345] (-) TimerEvent: {}
[6.417634] (-) TimerEvent: {}
[6.517890] (-) TimerEvent: {}
[6.618225] (-) TimerEvent: {}
[6.718533] (-) TimerEvent: {}
[6.818777] (-) TimerEvent: {}
[6.919044] (-) TimerEvent: {}
[7.019413] (-) TimerEvent: {}
[7.119679] (-) TimerEvent: {}
[7.219988] (-) TimerEvent: {}
[7.320280] (-) TimerEvent: {}
[7.420538] (-) TimerEvent: {}
[7.520796] (-) TimerEvent: {}
[7.608755] (consenso_pkg) StderrLine: {'line': b'gmake[2]: *** [CMakeFiles/nodo.dir/build.make:76: CMakeFiles/nodo.dir/src/nodo.cpp.o] Errore 1\n'}
[7.609069] (consenso_pkg) StderrLine: {'line': b'gmake[1]: *** [CMakeFiles/Makefile2:137: CMakeFiles/nodo.dir/all] Errore 2\n'}
[7.609302] (consenso_pkg) StderrLine: {'line': b'gmake: *** [Makefile:146: all] Errore 2\n'}
[7.611815] (consenso_pkg) CommandEnded: {'returncode': 2}
[7.620998] (-) TimerEvent: {}
[7.626897] (consenso_pkg) JobEnded: {'identifier': 'consenso_pkg', 'rc': 2}
[7.637551] (-) EventReactorShutdown: {}
