[0.000000] (-) TimerEvent: {}
[0.000108] (consenso_pkg) JobQueued: {'identifier': 'consenso_pkg', 'dependencies': OrderedDict()}
[0.000133] (dynamic_consensus) JobQueued: {'identifier': 'dynamic_consensus', 'dependencies': OrderedDict()}
[0.000152] (consenso_pkg) JobStarted: {'identifier': 'consenso_pkg'}
[0.016206] (dynamic_consensus) JobStarted: {'identifier': 'dynamic_consensus'}
[0.020657] (consenso_pkg) JobProgress: {'identifier': 'consenso_pkg', 'progress': 'cmake'}
[0.022228] (consenso_pkg) JobProgress: {'identifier': 'consenso_pkg', 'progress': 'build'}
[0.022269] (consenso_pkg) Command: {'cmd': ['/usr/bin/cmake', '--build', '/home/fortunato/ros2_ws/build/consenso_pkg', '--', '-j8', '-l8'], 'cwd': '/home/fortunato/ros2_ws/build/consenso_pkg', 'env': OrderedDict([('LESSOPEN', '| /usr/bin/lesspipe %s'), ('LANGUAGE', 'it:en'), ('USER', 'fortunato'), ('LC_TIME', 'it_IT.UTF-8'), ('ROS_PACKAGE_PATH', '/home/fortunato/ros2_ws/install/consenso_pkg/share'), ('XDG_SESSION_TYPE', 'wayland'), ('SHLVL', '1'), ('LD_LIBRARY_PATH', '/opt/ros/humble/opt/rviz_ogre_vendor/lib:/opt/ros/humble/lib/x86_64-linux-gnu:/opt/ros/humble/lib'), ('HOME', '/home/fortunato'), ('DESKTOP_SESSION', 'ubuntu'), ('ROS_PYTHON_VERSION', '3'), ('GNOME_SHELL_SESSION_MODE', 'ubuntu'), ('GTK_MODULES', 'gail:atk-bridge'), ('LC_MONETARY', 'it_IT.UTF-8'), ('SYSTEMD_EXEC_PID', '6412'), ('DBUS_SESSION_BUS_ADDRESS', 'unix:path=/run/user/1000/bus'), ('COLORTERM', 'truecolor'), ('_colcon_cd_root', '/home/fortunato/ros2_install'), ('MAVLINK_DIR', '/home/fortunato/ros2_ws/src/PX4-Autopilot/mavlink/include/mavlink/v2.0'), ('IM_CONFIG_PHASE', '1'), ('WAYLAND_DISPLAY', 'wayland-0'), ('COLCON_PREFIX_PATH', '/home/fortunato/ros2_ws/install'), ('ROS_DISTRO', 'humble'), ('LOGNAME', 'fortunato'), ('_', '/home/fortunato/.local/bin/colcon'), ('ROS_VERSION', '2'), ('PKG_CONFIG_PATH', '/home/fortunato/ros2_ws/install/consenso_pkg/lib/x86_64-linux-gnu/pkgconfig:/home/fortunato/ros2_ws/install/consenso_pkg/lib/pkgconfig'), ('XDG_SESSION_CLASS', 'user'), ('USERNAME', 'fortunato'), ('TERM', 'xterm-256color'), ('GAZEBO_MODEL_PATH', '/usr/share/gazebo-11/models:/home/fortunato/ros2_ws/src/PX4-Autopilot/Tools/sitl_gazebo/models:/home/fortunato/ros2_ws/src/cameras/models:'), ('GNOME_DESKTOP_SESSION_ID', 'this-is-deprecated'), ('ROS_LOCALHOST_ONLY', '0'), ('PATH', '/opt/ros/humble/bin:/home/fortunato/.local/bin:/usr/local/sbin:/usr/local/bin:/usr/sbin:/usr/bin:/sbin:/bin:/usr/games:/usr/local/games:/snap/bin:/snap/bin'), ('SESSION_MANAGER', 'local/fortunato-Swift-SF314-54:@/tmp/.ICE-unix/2537,unix/fortunato-Swift-SF314-54:/tmp/.ICE-unix/2537'), ('PAPERSIZE', 'a4'), ('XDG_MENU_PREFIX', 'gnome-'), ('LC_ADDRESS', 'it_IT.UTF-8'), ('GNOME_TERMINAL_SCREEN', '/org/gnome/Terminal/screen/d8623ab3_8f95_4879_a52a_441a34cf57a1'), ('GNOME_SETUP_DISPLAY', ':1'), ('XDG_RUNTIME_DIR', '/run/user/1000'), ('DISPLAY', ':0'), ('LANG', 'it_IT.UTF-8'), ('XDG_CURRENT_DESKTOP', 'ubuntu:GNOME'), ('LC_TELEPHONE', 'it_IT.UTF-8'), ('XMODIFIERS', '@im=ibus'), ('XDG_SESSION_DESKTOP', 'ubuntu'), ('XAUTHORITY', '/run/user/1000/.mutter-Xwaylandauth.JNCGG3'), ('LS_COLORS', 'rs=0:di=01;34:ln=01;36:mh=00:pi=40;33:so=01;35:do=01;35:bd=40;33;01:cd=40;33;01:or=40;31;01:mi=00:su=37;41:sg=30;43:ca=30;41:tw=30;42:ow=34;42:st=37;44:ex=01;32:*.tar=01;31:*.tgz=01;31:*.arc=01;31:*.arj=01;31:*.taz=01;31:*.lha=01;31:*.lz4=01;31:*.lzh=01;31:*.lzma=01;31:*.tlz=01;31:*.txz=01;31:*.tzo=01;31:*.t7z=01;31:*.zip=01;31:*.z=01;31:*.dz=01;31:*.gz=01;31:*.lrz=01;31:*.lz=01;31:*.lzo=01;31:*.xz=01;31:*.zst=01;31:*.tzst=01;31:*.bz2=01;31:*.bz=01;31:*.tbz=01;31:*.tbz2=01;31:*.tz=01;31:*.deb=01;31:*.rpm=01;31:*.jar=01;31:*.war=01;31:*.ear=01;31:*.sar=01;31:*.rar=01;31:*.alz=01;31:*.ace=01;31:*.zoo=01;31:*.cpio=01;31:*.7z=01;31:*.rz=01;31:*.cab=01;31:*.wim=01;31:*.swm=01;31:*.dwm=01;31:*.esd=01;31:*.jpg=01;35:*.jpeg=01;35:*.mjpg=01;35:*.mjpeg=01;35:*.gif=01;35:*.bmp=01;35:*.pbm=01;35:*.pgm=01;35:*.ppm=01;35:*.tga=01;35:*.xbm=01;35:*.xpm=01;35:*.tif=01;35:*.tiff=01;35:*.png=01;35:*.svg=01;35:*.svgz=01;35:*.mng=01;35:*.pcx=01;35:*.mov=01;35:*.mpg=01;35:*.mpeg=01;35:*.m2v=01;35:*.mkv=01;35:*.webm=01;35:*.webp=01;35:*.ogm=01;35:*.mp4=01;35:*.m4v=01;35:*.mp4v=01;35:*.vob=01;35:*.qt=01;35:*.nuv=01;35:*.wmv=01;35:*.asf=01;35:*.rm=01;35:*.rmvb=01;35:*.flc=01;35:*.avi=01;35:*.fli=01;35:*.flv=01;35:*.gl=01;35:*.dl=01;35:*.xcf=01;35:*.xwd=01;35:*.yuv=01;35:*.cgm=01;35:*.emf=01;35:*.ogv=01;35:*.ogx=01;35:*.aac=00;36:*.au=00;36:*.flac=00;36:*.m4a=00;36:*.mid=00;36:*.midi=00;36:*.mka=00;36:*.mp3=00;36:*.mpc=00;36:*.ogg=00;36:*.ra=00;36:*.wav=00;36:*.oga=00;36:*.opus=00;36:*.spx=00;36:*.xspf=00;36:'), ('GNOME_TERMINAL_SERVICE', ':1.153'), ('SSH_AGENT_LAUNCHER', 'gnome-keyring'), ('SSH_AUTH_SOCK', '/run/user/1000/keyring/ssh'), ('AMENT_PREFIX_PATH', '/home/fortunato/ros2_ws/install/dynamic_consensus:/opt/ros/humble'), ('SHELL', '/bin/bash'), ('LC_NAME', 'it_IT.UTF-8'), ('QT_ACCESSIBILITY', '1'), ('GDMSESSION', 'ubuntu'), ('LESSCLOSE', '/usr/bin/lesspipe %s %s'), ('LC_MEASUREMENT', 'it_IT.UTF-8'), ('GAZEBO_RESOURCE_PATH', '/usr/share/gazebo-11:'), ('LC_IDENTIFICATION', 'it_IT.UTF-8'), ('QT_IM_MODULE', 'ibus'), ('PWD', '/home/fortunato/ros2_ws/build/consenso_pkg'), ('LC_ALL', 'en_US.UTF-8'), ('XDG_CONFIG_DIRS', '/etc/xdg/xdg-ubuntu:/etc/xdg'), ('GAZEBO_PLUGIN_PATH', '/usr/lib/x86_64-linux-gnu/gazebo-11/plugins:/home/fortunato/ros2_ws/src/PX4-Autopilot/build/px4_sitl_default/build_gazebo-classic:'), ('XDG_DATA_DIRS', '/usr/share/ubuntu:/usr/local/share/:/usr/share/:/var/lib/snapd/desktop'), ('PYTHONPATH', '/opt/ros/humble/lib/python3.10/site-packages:/opt/ros/humble/local/lib/python3.10/dist-packages'), ('LC_NUMERIC', 'it_IT.UTF-8'), ('LC_PAPER', 'it_IT.UTF-8'), ('COLCON', '1'), ('VTE_VERSION', '6800'), ('CMAKE_PREFIX_PATH', '/home/fortunato/ros2_ws/install/dynamic_consensus')]), 'shell': False}
[0.024928] (dynamic_consensus) JobProgress: {'identifier': 'dynamic_consensus', 'progress': 'cmake'}
[0.025468] (dynamic_consensus) JobProgress: {'identifier': 'dynamic_consensus', 'progress': 'build'}
[0.025787] (dynamic_consensus) Command: {'cmd': ['/usr/bin/cmake', '--build', '/home/fortunato/ros2_ws/build/dynamic_consensus', '--', '-j8', '-l8'], 'cwd': '/home/fortunato/ros2_ws/build/dynamic_consensus', 'env': OrderedDict([('LESSOPEN', '| /usr/bin/lesspipe %s'), ('LANGUAGE', 'it:en'), ('USER', 'fortunato'), ('LC_TIME', 'it_IT.UTF-8'), ('ROS_PACKAGE_PATH', '/home/fortunato/ros2_ws/install/consenso_pkg/share'), ('XDG_SESSION_TYPE', 'wayland'), ('SHLVL', '1'), ('LD_LIBRARY_PATH', '/opt/ros/humble/opt/rviz_ogre_vendor/lib:/opt/ros/humble/lib/x86_64-linux-gnu:/opt/ros/humble/lib'), ('HOME', '/home/fortunato'), ('DESKTOP_SESSION', 'ubuntu'), ('ROS_PYTHON_VERSION', '3'), ('GNOME_SHELL_SESSION_MODE', 'ubuntu'), ('GTK_MODULES', 'gail:atk-bridge'), ('LC_MONETARY', 'it_IT.UTF-8'), ('SYSTEMD_EXEC_PID', '6412'), ('DBUS_SESSION_BUS_ADDRESS', 'unix:path=/run/user/1000/bus'), ('COLORTERM', 'truecolor'), ('_colcon_cd_root', '/home/fortunato/ros2_install'), ('MAVLINK_DIR', '/home/fortunato/ros2_ws/src/PX4-Autopilot/mavlink/include/mavlink/v2.0'), ('IM_CONFIG_PHASE', '1'), ('WAYLAND_DISPLAY', 'wayland-0'), ('COLCON_PREFIX_PATH', '/home/fortunato/ros2_ws/install'), ('ROS_DISTRO', 'humble'), ('LOGNAME', 'fortunato'), ('_', '/home/fortunato/.local/bin/colcon'), ('ROS_VERSION', '2'), ('PKG_CONFIG_PATH', '/home/fortunato/ros2_ws/install/consenso_pkg/lib/x86_64-linux-gnu/pkgconfig:/home/fortunato/ros2_ws/install/consenso_pkg/lib/pkgconfig'), ('XDG_SESSION_CLASS', 'user'), ('USERNAME', 'fortunato'), ('TERM', 'xterm-256color'), ('GAZEBO_MODEL_PATH', '/usr/share/gazebo-11/models:/home/fortunato/ros2_ws/src/PX4-Autopilot/Tools/sitl_gazebo/models:/home/fortunato/ros2_ws/src/cameras/models:'), ('GNOME_DESKTOP_SESSION_ID', 'this-is-deprecated'), ('ROS_LOCALHOST_ONLY', '0'), ('PATH', '/opt/ros/humble/bin:/home/fortunato/.local/bin:/usr/local/sbin:/usr/local/bin:/usr/sbin:/usr/bin:/sbin:/bin:/usr/games:/usr/local/games:/snap/bin:/snap/bin'), ('SESSION_MANAGER', 'local/fortunato-Swift-SF314-54:@/tmp/.ICE-unix/2537,unix/fortunato-Swift-SF314-54:/tmp/.ICE-unix/2537'), ('PAPERSIZE', 'a4'), ('XDG_MENU_PREFIX', 'gnome-'), ('LC_ADDRESS', 'it_IT.UTF-8'), ('GNOME_TERMINAL_SCREEN', '/org/gnome/Terminal/screen/d8623ab3_8f95_4879_a52a_441a34cf57a1'), ('GNOME_SETUP_DISPLAY', ':1'), ('XDG_RUNTIME_DIR', '/run/user/1000'), ('DISPLAY', ':0'), ('LANG', 'it_IT.UTF-8'), ('XDG_CURRENT_DESKTOP', 'ubuntu:GNOME'), ('LC_TELEPHONE', 'it_IT.UTF-8'), ('XMODIFIERS', '@im=ibus'), ('XDG_SESSION_DESKTOP', 'ubuntu'), ('XAUTHORITY', '/run/user/1000/.mutter-Xwaylandauth.JNCGG3'), ('LS_COLORS', 'rs=0:di=01;34:ln=01;36:mh=00:pi=40;33:so=01;35:do=01;35:bd=40;33;01:cd=40;33;01:or=40;31;01:mi=00:su=37;41:sg=30;43:ca=30;41:tw=30;42:ow=34;42:st=37;44:ex=01;32:*.tar=01;31:*.tgz=01;31:*.arc=01;31:*.arj=01;31:*.taz=01;31:*.lha=01;31:*.lz4=01;31:*.lzh=01;31:*.lzma=01;31:*.tlz=01;31:*.txz=01;31:*.tzo=01;31:*.t7z=01;31:*.zip=01;31:*.z=01;31:*.dz=01;31:*.gz=01;31:*.lrz=01;31:*.lz=01;31:*.lzo=01;31:*.xz=01;31:*.zst=01;31:*.tzst=01;31:*.bz2=01;31:*.bz=01;31:*.tbz=01;31:*.tbz2=01;31:*.tz=01;31:*.deb=01;31:*.rpm=01;31:*.jar=01;31:*.war=01;31:*.ear=01;31:*.sar=01;31:*.rar=01;31:*.alz=01;31:*.ace=01;31:*.zoo=01;31:*.cpio=01;31:*.7z=01;31:*.rz=01;31:*.cab=01;31:*.wim=01;31:*.swm=01;31:*.dwm=01;31:*.esd=01;31:*.jpg=01;35:*.jpeg=01;35:*.mjpg=01;35:*.mjpeg=01;35:*.gif=01;35:*.bmp=01;35:*.pbm=01;35:*.pgm=01;35:*.ppm=01;35:*.tga=01;35:*.xbm=01;35:*.xpm=01;35:*.tif=01;35:*.tiff=01;35:*.png=01;35:*.svg=01;35:*.svgz=01;35:*.mng=01;35:*.pcx=01;35:*.mov=01;35:*.mpg=01;35:*.mpeg=01;35:*.m2v=01;35:*.mkv=01;35:*.webm=01;35:*.webp=01;35:*.ogm=01;35:*.mp4=01;35:*.m4v=01;35:*.mp4v=01;35:*.vob=01;35:*.qt=01;35:*.nuv=01;35:*.wmv=01;35:*.asf=01;35:*.rm=01;35:*.rmvb=01;35:*.flc=01;35:*.avi=01;35:*.fli=01;35:*.flv=01;35:*.gl=01;35:*.dl=01;35:*.xcf=01;35:*.xwd=01;35:*.yuv=01;35:*.cgm=01;35:*.emf=01;35:*.ogv=01;35:*.ogx=01;35:*.aac=00;36:*.au=00;36:*.flac=00;36:*.m4a=00;36:*.mid=00;36:*.midi=00;36:*.mka=00;36:*.mp3=00;36:*.mpc=00;36:*.ogg=00;36:*.ra=00;36:*.wav=00;36:*.oga=00;36:*.opus=00;36:*.spx=00;36:*.xspf=00;36:'), ('GNOME_TERMINAL_SERVICE', ':1.153'), ('SSH_AGENT_LAUNCHER', 'gnome-keyring'), ('SSH_AUTH_SOCK', '/run/user/1000/keyring/ssh'), ('AMENT_PREFIX_PATH', '/home/fortunato/ros2_ws/install/dynamic_consensus:/opt/ros/humble'), ('SHELL', '/bin/bash'), ('LC_NAME', 'it_IT.UTF-8'), ('QT_ACCESSIBILITY', '1'), ('GDMSESSION', 'ubuntu'), ('LESSCLOSE', '/usr/bin/lesspipe %s %s'), ('LC_MEASUREMENT', 'it_IT.UTF-8'), ('GAZEBO_RESOURCE_PATH', '/usr/share/gazebo-11:'), ('LC_IDENTIFICATION', 'it_IT.UTF-8'), ('QT_IM_MODULE', 'ibus'), ('PWD', '/home/fortunato/ros2_ws/build/dynamic_consensus'), ('LC_ALL', 'en_US.UTF-8'), ('XDG_CONFIG_DIRS', '/etc/xdg/xdg-ubuntu:/etc/xdg'), ('GAZEBO_PLUGIN_PATH', '/usr/lib/x86_64-linux-gnu/gazebo-11/plugins:/home/fortunato/ros2_ws/src/PX4-Autopilot/build/px4_sitl_default/build_gazebo-classic:'), ('XDG_DATA_DIRS', '/usr/share/ubuntu:/usr/local/share/:/usr/share/:/var/lib/snapd/desktop'), ('PYTHONPATH', '/opt/ros/humble/lib/python3.10/site-packages:/opt/ros/humble/local/lib/python3.10/dist-packages'), ('LC_NUMERIC', 'it_IT.UTF-8'), ('LC_PAPER', 'it_IT.UTF-8'), ('COLCON', '1'), ('VTE_VERSION', '6800'), ('CMAKE_PREFIX_PATH', '/home/fortunato/ros2_ws/install/dynamic_consensus:/opt/ros/humble')]), 'shell': False}
[0.068120] (consenso_pkg) StdoutLine: {'line': b'\x1b[35m\x1b[1mConsolidate compiler generated dependencies of target nodo\x1b[0m\n'}
[0.096021] (dynamic_consensus) StdoutLine: {'line': b'[100%] Built target average_calc_node\n'}
[0.096336] (dynamic_consensus) StdoutLine: {'line': b'[100%] Built target consensus_node\n'}
[0.096541] (dynamic_consensus) StdoutLine: {'line': b'[100%] Built target signal_generator_node\n'}
[0.099573] (-) TimerEvent: {}
[0.101871] (consenso_pkg) StdoutLine: {'line': b'[ 50%] \x1b[32mBuilding CXX object CMakeFiles/nodo.dir/src/nodo.cpp.o\x1b[0m\n'}
[0.107385] (dynamic_consensus) CommandEnded: {'returncode': 0}
[0.108062] (dynamic_consensus) JobProgress: {'identifier': 'dynamic_consensus', 'progress': 'install'}
[0.118103] (dynamic_consensus) Command: {'cmd': ['/usr/bin/cmake', '--install', '/home/fortunato/ros2_ws/build/dynamic_consensus'], 'cwd': '/home/fortunato/ros2_ws/build/dynamic_consensus', 'env': OrderedDict([('LESSOPEN', '| /usr/bin/lesspipe %s'), ('LANGUAGE', 'it:en'), ('USER', 'fortunato'), ('LC_TIME', 'it_IT.UTF-8'), ('ROS_PACKAGE_PATH', '/home/fortunato/ros2_ws/install/consenso_pkg/share'), ('XDG_SESSION_TYPE', 'wayland'), ('SHLVL', '1'), ('LD_LIBRARY_PATH', '/opt/ros/humble/opt/rviz_ogre_vendor/lib:/opt/ros/humble/lib/x86_64-linux-gnu:/opt/ros/humble/lib'), ('HOME', '/home/fortunato'), ('DESKTOP_SESSION', 'ubuntu'), ('ROS_PYTHON_VERSION', '3'), ('GNOME_SHELL_SESSION_MODE', 'ubuntu'), ('GTK_MODULES', 'gail:atk-bridge'), ('LC_MONETARY', 'it_IT.UTF-8'), ('SYSTEMD_EXEC_PID', '6412'), ('DBUS_SESSION_BUS_ADDRESS', 'unix:path=/run/user/1000/bus'), ('COLORTERM', 'truecolor'), ('_colcon_cd_root', '/home/fortunato/ros2_install'), ('MAVLINK_DIR', '/home/fortunato/ros2_ws/src/PX4-Autopilot/mavlink/include/mavlink/v2.0'), ('IM_CONFIG_PHASE', '1'), ('WAYLAND_DISPLAY', 'wayland-0'), ('COLCON_PREFIX_PATH', '/home/fortunato/ros2_ws/install'), ('ROS_DISTRO', 'humble'), ('LOGNAME', 'fortunato'), ('_', '/home/fortunato/.local/bin/colcon'), ('ROS_VERSION', '2'), ('PKG_CONFIG_PATH', '/home/fortunato/ros2_ws/install/consenso_pkg/lib/x86_64-linux-gnu/pkgconfig:/home/fortunato/ros2_ws/install/consenso_pkg/lib/pkgconfig'), ('XDG_SESSION_CLASS', 'user'), ('USERNAME', 'fortunato'), ('TERM', 'xterm-256color'), ('GAZEBO_MODEL_PATH', '/usr/share/gazebo-11/models:/home/fortunato/ros2_ws/src/PX4-Autopilot/Tools/sitl_gazebo/models:/home/fortunato/ros2_ws/src/cameras/models:'), ('GNOME_DESKTOP_SESSION_ID', 'this-is-deprecated'), ('ROS_LOCALHOST_ONLY', '0'), ('PATH', '/opt/ros/humble/bin:/home/fortunato/.local/bin:/usr/local/sbin:/usr/local/bin:/usr/sbin:/usr/bin:/sbin:/bin:/usr/games:/usr/local/games:/snap/bin:/snap/bin'), ('SESSION_MANAGER', 'local/fortunato-Swift-SF314-54:@/tmp/.ICE-unix/2537,unix/fortunato-Swift-SF314-54:/tmp/.ICE-unix/2537'), ('PAPERSIZE', 'a4'), ('XDG_MENU_PREFIX', 'gnome-'), ('LC_ADDRESS', 'it_IT.UTF-8'), ('GNOME_TERMINAL_SCREEN', '/org/gnome/Terminal/screen/d8623ab3_8f95_4879_a52a_441a34cf57a1'), ('GNOME_SETUP_DISPLAY', ':1'), ('XDG_RUNTIME_DIR', '/run/user/1000'), ('DISPLAY', ':0'), ('LANG', 'it_IT.UTF-8'), ('XDG_CURRENT_DESKTOP', 'ubuntu:GNOME'), ('LC_TELEPHONE', 'it_IT.UTF-8'), ('XMODIFIERS', '@im=ibus'), ('XDG_SESSION_DESKTOP', 'ubuntu'), ('XAUTHORITY', '/run/user/1000/.mutter-Xwaylandauth.JNCGG3'), ('LS_COLORS', 'rs=0:di=01;34:ln=01;36:mh=00:pi=40;33:so=01;35:do=01;35:bd=40;33;01:cd=40;33;01:or=40;31;01:mi=00:su=37;41:sg=30;43:ca=30;41:tw=30;42:ow=34;42:st=37;44:ex=01;32:*.tar=01;31:*.tgz=01;31:*.arc=01;31:*.arj=01;31:*.taz=01;31:*.lha=01;31:*.lz4=01;31:*.lzh=01;31:*.lzma=01;31:*.tlz=01;31:*.txz=01;31:*.tzo=01;31:*.t7z=01;31:*.zip=01;31:*.z=01;31:*.dz=01;31:*.gz=01;31:*.lrz=01;31:*.lz=01;31:*.lzo=01;31:*.xz=01;31:*.zst=01;31:*.tzst=01;31:*.bz2=01;31:*.bz=01;31:*.tbz=01;31:*.tbz2=01;31:*.tz=01;31:*.deb=01;31:*.rpm=01;31:*.jar=01;31:*.war=01;31:*.ear=01;31:*.sar=01;31:*.rar=01;31:*.alz=01;31:*.ace=01;31:*.zoo=01;31:*.cpio=01;31:*.7z=01;31:*.rz=01;31:*.cab=01;31:*.wim=01;31:*.swm=01;31:*.dwm=01;31:*.esd=01;31:*.jpg=01;35:*.jpeg=01;35:*.mjpg=01;35:*.mjpeg=01;35:*.gif=01;35:*.bmp=01;35:*.pbm=01;35:*.pgm=01;35:*.ppm=01;35:*.tga=01;35:*.xbm=01;35:*.xpm=01;35:*.tif=01;35:*.tiff=01;35:*.png=01;35:*.svg=01;35:*.svgz=01;35:*.mng=01;35:*.pcx=01;35:*.mov=01;35:*.mpg=01;35:*.mpeg=01;35:*.m2v=01;35:*.mkv=01;35:*.webm=01;35:*.webp=01;35:*.ogm=01;35:*.mp4=01;35:*.m4v=01;35:*.mp4v=01;35:*.vob=01;35:*.qt=01;35:*.nuv=01;35:*.wmv=01;35:*.asf=01;35:*.rm=01;35:*.rmvb=01;35:*.flc=01;35:*.avi=01;35:*.fli=01;35:*.flv=01;35:*.gl=01;35:*.dl=01;35:*.xcf=01;35:*.xwd=01;35:*.yuv=01;35:*.cgm=01;35:*.emf=01;35:*.ogv=01;35:*.ogx=01;35:*.aac=00;36:*.au=00;36:*.flac=00;36:*.m4a=00;36:*.mid=00;36:*.midi=00;36:*.mka=00;36:*.mp3=00;36:*.mpc=00;36:*.ogg=00;36:*.ra=00;36:*.wav=00;36:*.oga=00;36:*.opus=00;36:*.spx=00;36:*.xspf=00;36:'), ('GNOME_TERMINAL_SERVICE', ':1.153'), ('SSH_AGENT_LAUNCHER', 'gnome-keyring'), ('SSH_AUTH_SOCK', '/run/user/1000/keyring/ssh'), ('AMENT_PREFIX_PATH', '/home/fortunato/ros2_ws/install/dynamic_consensus:/opt/ros/humble'), ('SHELL', '/bin/bash'), ('LC_NAME', 'it_IT.UTF-8'), ('QT_ACCESSIBILITY', '1'), ('GDMSESSION', 'ubuntu'), ('LESSCLOSE', '/usr/bin/lesspipe %s %s'), ('LC_MEASUREMENT', 'it_IT.UTF-8'), ('GAZEBO_RESOURCE_PATH', '/usr/share/gazebo-11:'), ('LC_IDENTIFICATION', 'it_IT.UTF-8'), ('QT_IM_MODULE', 'ibus'), ('PWD', '/home/fortunato/ros2_ws/build/dynamic_consensus'), ('LC_ALL', 'en_US.UTF-8'), ('XDG_CONFIG_DIRS', '/etc/xdg/xdg-ubuntu:/etc/xdg'), ('GAZEBO_PLUGIN_PATH', '/usr/lib/x86_64-linux-gnu/gazebo-11/plugins:/home/fortunato/ros2_ws/src/PX4-Autopilot/build/px4_sitl_default/build_gazebo-classic:'), ('XDG_DATA_DIRS', '/usr/share/ubuntu:/usr/local/share/:/usr/share/:/var/lib/snapd/desktop'), ('PYTHONPATH', '/opt/ros/humble/lib/python3.10/site-packages:/opt/ros/humble/local/lib/python3.10/dist-packages'), ('LC_NUMERIC', 'it_IT.UTF-8'), ('LC_PAPER', 'it_IT.UTF-8'), ('COLCON', '1'), ('VTE_VERSION', '6800'), ('CMAKE_PREFIX_PATH', '/home/fortunato/ros2_ws/install/dynamic_consensus:/opt/ros/humble')]), 'shell': False}
[0.124920] (dynamic_consensus) StdoutLine: {'line': b'-- Install configuration: ""\n'}
[0.125219] (dynamic_consensus) StdoutLine: {'line': b'-- Up-to-date: /home/fortunato/ros2_ws/install/dynamic_consensus/lib/dynamic_consensus/consensus_node\n'}
[0.125623] (dynamic_consensus) StdoutLine: {'line': b'-- Up-to-date: /home/fortunato/ros2_ws/install/dynamic_consensus/lib/dynamic_consensus/signal_generator_node\n'}
[0.126051] (dynamic_consensus) StdoutLine: {'line': b'-- Up-to-date: /home/fortunato/ros2_ws/install/dynamic_consensus/lib/dynamic_consensus/average_calc_node\n'}
[0.126264] (dynamic_consensus) StdoutLine: {'line': b'-- Up-to-date: /home/fortunato/ros2_ws/install/dynamic_consensus/share/dynamic_consensus/launch\n'}
[0.126352] (dynamic_consensus) StdoutLine: {'line': b'-- Up-to-date: /home/fortunato/ros2_ws/install/dynamic_consensus/share/dynamic_consensus/launch/consensus_system_launch.launch\n'}
[0.126494] (dynamic_consensus) StdoutLine: {'line': b'-- Up-to-date: /home/fortunato/ros2_ws/install/dynamic_consensus/share/ament_index/resource_index/package_run_dependencies/dynamic_consensus\n'}
[0.126582] (dynamic_consensus) StdoutLine: {'line': b'-- Up-to-date: /home/fortunato/ros2_ws/install/dynamic_consensus/share/ament_index/resource_index/parent_prefix_path/dynamic_consensus\n'}
[0.126646] (dynamic_consensus) StdoutLine: {'line': b'-- Up-to-date: /home/fortunato/ros2_ws/install/dynamic_consensus/share/dynamic_consensus/environment/ament_prefix_path.sh\n'}
[0.126706] (dynamic_consensus) StdoutLine: {'line': b'-- Up-to-date: /home/fortunato/ros2_ws/install/dynamic_consensus/share/dynamic_consensus/environment/ament_prefix_path.dsv\n'}
[0.126763] (dynamic_consensus) StdoutLine: {'line': b'-- Up-to-date: /home/fortunato/ros2_ws/install/dynamic_consensus/share/dynamic_consensus/environment/path.sh\n'}
[0.126855] (dynamic_consensus) StdoutLine: {'line': b'-- Up-to-date: /home/fortunato/ros2_ws/install/dynamic_consensus/share/dynamic_consensus/environment/path.dsv\n'}
[0.126959] (dynamic_consensus) StdoutLine: {'line': b'-- Up-to-date: /home/fortunato/ros2_ws/install/dynamic_consensus/share/dynamic_consensus/local_setup.bash\n'}
[0.127011] (dynamic_consensus) StdoutLine: {'line': b'-- Up-to-date: /home/fortunato/ros2_ws/install/dynamic_consensus/share/dynamic_consensus/local_setup.sh\n'}
[0.127066] (dynamic_consensus) StdoutLine: {'line': b'-- Up-to-date: /home/fortunato/ros2_ws/install/dynamic_consensus/share/dynamic_consensus/local_setup.zsh\n'}
[0.127121] (dynamic_consensus) StdoutLine: {'line': b'-- Up-to-date: /home/fortunato/ros2_ws/install/dynamic_consensus/share/dynamic_consensus/local_setup.dsv\n'}
[0.127176] (dynamic_consensus) StdoutLine: {'line': b'-- Installing: /home/fortunato/ros2_ws/install/dynamic_consensus/share/dynamic_consensus/package.dsv\n'}
[0.127254] (dynamic_consensus) StdoutLine: {'line': b'-- Up-to-date: /home/fortunato/ros2_ws/install/dynamic_consensus/share/ament_index/resource_index/packages/dynamic_consensus\n'}
[0.127348] (dynamic_consensus) StdoutLine: {'line': b'-- Up-to-date: /home/fortunato/ros2_ws/install/dynamic_consensus/share/dynamic_consensus/cmake/dynamic_consensusConfig.cmake\n'}
[0.127409] (dynamic_consensus) StdoutLine: {'line': b'-- Up-to-date: /home/fortunato/ros2_ws/install/dynamic_consensus/share/dynamic_consensus/cmake/dynamic_consensusConfig-version.cmake\n'}
[0.127483] (dynamic_consensus) StdoutLine: {'line': b'-- Up-to-date: /home/fortunato/ros2_ws/install/dynamic_consensus/share/dynamic_consensus/package.xml\n'}
[0.129543] (dynamic_consensus) CommandEnded: {'returncode': 0}
[0.160005] (dynamic_consensus) JobEnded: {'identifier': 'dynamic_consensus', 'rc': 0}
[0.199720] (-) TimerEvent: {}
[0.300104] (-) TimerEvent: {}
[0.400541] (-) TimerEvent: {}
[0.500824] (-) TimerEvent: {}
[0.601161] (-) TimerEvent: {}
[0.701468] (-) TimerEvent: {}
[0.801761] (-) TimerEvent: {}
[0.902016] (-) TimerEvent: {}
[1.002319] (-) TimerEvent: {}
[1.102618] (-) TimerEvent: {}
[1.202919] (-) TimerEvent: {}
[1.303219] (-) TimerEvent: {}
[1.403511] (-) TimerEvent: {}
[1.503805] (-) TimerEvent: {}
[1.604150] (-) TimerEvent: {}
[1.704439] (-) TimerEvent: {}
[1.804780] (-) TimerEvent: {}
[1.905088] (-) TimerEvent: {}
[2.005440] (-) TimerEvent: {}
[2.105736] (-) TimerEvent: {}
[2.206042] (-) TimerEvent: {}
[2.306338] (-) TimerEvent: {}
[2.406633] (-) TimerEvent: {}
[2.506898] (-) TimerEvent: {}
[2.607228] (-) TimerEvent: {}
[2.707540] (-) TimerEvent: {}
[2.790892] (consenso_pkg) StderrLine: {'line': b'\x1b[01m\x1b[K/home/fortunato/ros2_ws/src/consenso/src/nodo.cpp:\x1b[m\x1b[K In constructor \xe2\x80\x98\x1b[01m\x1b[KNodoConsenso::NodoConsenso()\x1b[m\x1b[K\xe2\x80\x99:\n'}
[2.791192] (consenso_pkg) StderrLine: {'line': b'\x1b[01m\x1b[K/home/fortunato/ros2_ws/src/consenso/src/nodo.cpp:17:20:\x1b[m\x1b[K \x1b[01;31m\x1b[Kerror: \x1b[m\x1b[Kexpected identifier before numeric constant\n'}
[2.791305] (consenso_pkg) StderrLine: {'line': b'   17 |         neighbors=[\x1b[01;31m\x1b[K0\x1b[m\x1b[K,0];\n'}
[2.791416] (consenso_pkg) StderrLine: {'line': b'      |                    \x1b[01;31m\x1b[K^\x1b[m\x1b[K\n'}
[2.791524] (consenso_pkg) StderrLine: {'line': b'\x1b[01m\x1b[K/home/fortunato/ros2_ws/src/consenso/src/nodo.cpp:17:21:\x1b[m\x1b[K \x1b[01;31m\x1b[Kerror: \x1b[m\x1b[Kexpected \xe2\x80\x98\x1b[01m\x1b[K]\x1b[m\x1b[K\xe2\x80\x99 before \xe2\x80\x98\x1b[01m\x1b[K,\x1b[m\x1b[K\xe2\x80\x99 token\n'}
[2.791634] (consenso_pkg) StderrLine: {'line': b'   17 |         neighbors=[0\x1b[01;31m\x1b[K,\x1b[m\x1b[K0];\n'}
[2.791741] (consenso_pkg) StderrLine: {'line': b'      |                     \x1b[01;31m\x1b[K^\x1b[m\x1b[K\n'}
[2.791854] (consenso_pkg) StderrLine: {'line': b'\x1b[01m\x1b[K/home/fortunato/ros2_ws/src/consenso/src/nodo.cpp:\x1b[m\x1b[K In lambda function:\n'}
[2.792135] (consenso_pkg) StderrLine: {'line': b'\x1b[01m\x1b[K/home/fortunato/ros2_ws/src/consenso/src/nodo.cpp:17:21:\x1b[m\x1b[K \x1b[01;31m\x1b[Kerror: \x1b[m\x1b[Kexpected \xe2\x80\x98\x1b[01m\x1b[K{\x1b[m\x1b[K\xe2\x80\x99 before \xe2\x80\x98\x1b[01m\x1b[K,\x1b[m\x1b[K\xe2\x80\x99 token\n'}
[2.792233] (consenso_pkg) StderrLine: {'line': b'\x1b[01m\x1b[K/home/fortunato/ros2_ws/src/consenso/src/nodo.cpp:\x1b[m\x1b[K In constructor \xe2\x80\x98\x1b[01m\x1b[KNodoConsenso::NodoConsenso()\x1b[m\x1b[K\xe2\x80\x99:\n'}
[2.792322] (consenso_pkg) StderrLine: {'line': b'\x1b[01m\x1b[K/home/fortunato/ros2_ws/src/consenso/src/nodo.cpp:17:21:\x1b[m\x1b[K \x1b[01;31m\x1b[Kerror: \x1b[m\x1b[Kno match for \xe2\x80\x98\x1b[01m\x1b[Koperator=\x1b[m\x1b[K\xe2\x80\x99 (operand types are \xe2\x80\x98\x1b[01m\x1b[KEigen::VectorXd\x1b[m\x1b[K\xe2\x80\x99 {aka \xe2\x80\x98\x1b[01m\x1b[KEigen::Matrix<double, -1, 1>\x1b[m\x1b[K\xe2\x80\x99} and \xe2\x80\x98\x1b[01m\x1b[KNodoConsenso::NodoConsenso()::<lambda()>\x1b[m\x1b[K\xe2\x80\x99)\n'}
[2.792413] (consenso_pkg) StderrLine: {'line': b'In file included from \x1b[01m\x1b[K/usr/include/eigen3/Eigen/Core:295\x1b[m\x1b[K,\n'}
[2.792543] (consenso_pkg) StderrLine: {'line': b'                 from \x1b[01m\x1b[K/usr/include/eigen3/Eigen/Dense:1\x1b[m\x1b[K,\n'}
[2.792644] (consenso_pkg) StderrLine: {'line': b'                 from \x1b[01m\x1b[K/home/fortunato/ros2_ws/src/consenso/src/nodo.cpp:3\x1b[m\x1b[K:\n'}
[2.792797] (consenso_pkg) StderrLine: {'line': b'\x1b[01m\x1b[K/usr/include/eigen3/Eigen/src/Core/Matrix.h:223:33:\x1b[m\x1b[K \x1b[01;36m\x1b[Knote: \x1b[m\x1b[Kcandidate: \xe2\x80\x98\x1b[01m\x1b[Ktemplate<class OtherDerived> Eigen::Matrix<_Scalar, _Rows, _Cols, _Options, _MaxRows, _MaxCols>& Eigen::Matrix<_Scalar, _Rows, _Cols, _Options, _MaxRows, _MaxCols>::operator=(const Eigen::DenseBase<OtherDerived>&) [with OtherDerived = OtherDerived; _Scalar = double; int _Rows = -1; int _Cols = 1; int _Options = 0; int _MaxRows = -1; int _MaxCols = 1]\x1b[m\x1b[K\xe2\x80\x99\n'}
[2.792927] (consenso_pkg) StderrLine: {'line': b'  223 |     EIGEN_STRONG_INLINE Matrix& \x1b[01;36m\x1b[Koperator\x1b[m\x1b[K=(const DenseBase<OtherDerived>& other)\n'}
[2.793035] (consenso_pkg) StderrLine: {'line': b'      |                                 \x1b[01;36m\x1b[K^~~~~~~~\x1b[m\x1b[K\n'}
[2.793151] (consenso_pkg) StderrLine: {'line': b'\x1b[01m\x1b[K/usr/include/eigen3/Eigen/src/Core/Matrix.h:223:33:\x1b[m\x1b[K \x1b[01;36m\x1b[Knote: \x1b[m\x1b[K  template argument deduction/substitution failed:\n'}
[2.793281] (consenso_pkg) StderrLine: {'line': b'\x1b[01m\x1b[K/home/fortunato/ros2_ws/src/consenso/src/nodo.cpp:17:21:\x1b[m\x1b[K \x1b[01;36m\x1b[Knote: \x1b[m\x1b[K  \xe2\x80\x98\x1b[01m\x1b[KNodoConsenso::NodoConsenso()::<lambda()>\x1b[m\x1b[K\xe2\x80\x99 is not derived from \xe2\x80\x98\x1b[01m\x1b[Kconst Eigen::DenseBase<Derived>\x1b[m\x1b[K\xe2\x80\x99\n'}
[2.793417] (consenso_pkg) StderrLine: {'line': b'   17 |         neighbors=[0\x1b[01;36m\x1b[K,\x1b[m\x1b[K0];\n'}
[2.793564] (consenso_pkg) StderrLine: {'line': b'      |                     \x1b[01;36m\x1b[K^\x1b[m\x1b[K\n'}
[2.793651] (consenso_pkg) StderrLine: {'line': b'In file included from \x1b[01m\x1b[K/usr/include/eigen3/Eigen/Core:295\x1b[m\x1b[K,\n'}
[2.793747] (consenso_pkg) StderrLine: {'line': b'                 from \x1b[01m\x1b[K/usr/include/eigen3/Eigen/Dense:1\x1b[m\x1b[K,\n'}
[2.793830] (consenso_pkg) StderrLine: {'line': b'                 from \x1b[01m\x1b[K/home/fortunato/ros2_ws/src/consenso/src/nodo.cpp:3\x1b[m\x1b[K:\n'}
[2.793954] (consenso_pkg) StderrLine: {'line': b'\x1b[01m\x1b[K/usr/include/eigen3/Eigen/src/Core/Matrix.h:236:33:\x1b[m\x1b[K \x1b[01;36m\x1b[Knote: \x1b[m\x1b[Kcandidate: \xe2\x80\x98\x1b[01m\x1b[Ktemplate<class OtherDerived> Eigen::Matrix<_Scalar, _Rows, _Cols, _Options, _MaxRows, _MaxCols>& Eigen::Matrix<_Scalar, _Rows, _Cols, _Options, _MaxRows, _MaxCols>::operator=(const Eigen::EigenBase<OtherDerived>&) [with OtherDerived = OtherDerived; _Scalar = double; int _Rows = -1; int _Cols = 1; int _Options = 0; int _MaxRows = -1; int _MaxCols = 1]\x1b[m\x1b[K\xe2\x80\x99\n'}
[2.794043] (consenso_pkg) StderrLine: {'line': b'  236 |     EIGEN_STRONG_INLINE Matrix& \x1b[01;36m\x1b[Koperator\x1b[m\x1b[K=(const EigenBase<OtherDerived> &other)\n'}
[2.794126] (consenso_pkg) StderrLine: {'line': b'      |                                 \x1b[01;36m\x1b[K^~~~~~~~\x1b[m\x1b[K\n'}
[2.794227] (consenso_pkg) StderrLine: {'line': b'\x1b[01m\x1b[K/usr/include/eigen3/Eigen/src/Core/Matrix.h:236:33:\x1b[m\x1b[K \x1b[01;36m\x1b[Knote: \x1b[m\x1b[K  template argument deduction/substitution failed:\n'}
[2.794310] (consenso_pkg) StderrLine: {'line': b'\x1b[01m\x1b[K/home/fortunato/ros2_ws/src/consenso/src/nodo.cpp:17:21:\x1b[m\x1b[K \x1b[01;36m\x1b[Knote: \x1b[m\x1b[K  \xe2\x80\x98\x1b[01m\x1b[KNodoConsenso::NodoConsenso()::<lambda()>\x1b[m\x1b[K\xe2\x80\x99 is not derived from \xe2\x80\x98\x1b[01m\x1b[Kconst Eigen::EigenBase<Derived>\x1b[m\x1b[K\xe2\x80\x99\n'}
[2.794359] (consenso_pkg) StderrLine: {'line': b'   17 |         neighbors=[0\x1b[01;36m\x1b[K,\x1b[m\x1b[K0];\n'}
[2.794405] (consenso_pkg) StderrLine: {'line': b'      |                     \x1b[01;36m\x1b[K^\x1b[m\x1b[K\n'}
[2.794455] (consenso_pkg) StderrLine: {'line': b'In file included from \x1b[01m\x1b[K/usr/include/eigen3/Eigen/Core:295\x1b[m\x1b[K,\n'}
[2.794501] (consenso_pkg) StderrLine: {'line': b'                 from \x1b[01m\x1b[K/usr/include/eigen3/Eigen/Dense:1\x1b[m\x1b[K,\n'}
[2.794554] (consenso_pkg) StderrLine: {'line': b'                 from \x1b[01m\x1b[K/home/fortunato/ros2_ws/src/consenso/src/nodo.cpp:3\x1b[m\x1b[K:\n'}
[2.794599] (consenso_pkg) StderrLine: {'line': b'\x1b[01m\x1b[K/usr/include/eigen3/Eigen/src/Core/Matrix.h:243:33:\x1b[m\x1b[K \x1b[01;36m\x1b[Knote: \x1b[m\x1b[Kcandidate: \xe2\x80\x98\x1b[01m\x1b[Ktemplate<class OtherDerived> Eigen::Matrix<_Scalar, _Rows, _Cols, _Options, _MaxRows, _MaxCols>& Eigen::Matrix<_Scalar, _Rows, _Cols, _Options, _MaxRows, _MaxCols>::operator=(const Eigen::ReturnByValue<OtherDerived>&) [with OtherDerived = OtherDerived; _Scalar = double; int _Rows = -1; int _Cols = 1; int _Options = 0; int _MaxRows = -1; int _MaxCols = 1]\x1b[m\x1b[K\xe2\x80\x99\n'}
[2.794648] (consenso_pkg) StderrLine: {'line': b'  243 |     EIGEN_STRONG_INLINE Matrix& \x1b[01;36m\x1b[Koperator\x1b[m\x1b[K=(const ReturnByValue<OtherDerived>& func)\n'}
[2.794695] (consenso_pkg) StderrLine: {'line': b'      |                                 \x1b[01;36m\x1b[K^~~~~~~~\x1b[m\x1b[K\n'}
[2.794959] (consenso_pkg) StderrLine: {'line': b'\x1b[01m\x1b[K/usr/include/eigen3/Eigen/src/Core/Matrix.h:243:33:\x1b[m\x1b[K \x1b[01;36m\x1b[Knote: \x1b[m\x1b[K  template argument deduction/substitution failed:\n'}
[2.795058] (consenso_pkg) StderrLine: {'line': b'\x1b[01m\x1b[K/home/fortunato/ros2_ws/src/consenso/src/nodo.cpp:17:21:\x1b[m\x1b[K \x1b[01;36m\x1b[Knote: \x1b[m\x1b[K  \xe2\x80\x98\x1b[01m\x1b[KNodoConsenso::NodoConsenso()::<lambda()>\x1b[m\x1b[K\xe2\x80\x99 is not derived from \xe2\x80\x98\x1b[01m\x1b[Kconst Eigen::ReturnByValue<Derived>\x1b[m\x1b[K\xe2\x80\x99\n'}
[2.795168] (consenso_pkg) StderrLine: {'line': b'   17 |         neighbors=[0\x1b[01;36m\x1b[K,\x1b[m\x1b[K0];\n'}
[2.795274] (consenso_pkg) StderrLine: {'line': b'      |                     \x1b[01;36m\x1b[K^\x1b[m\x1b[K\n'}
[2.795381] (consenso_pkg) StderrLine: {'line': b'In file included from \x1b[01m\x1b[K/usr/include/eigen3/Eigen/Core:295\x1b[m\x1b[K,\n'}
[2.795487] (consenso_pkg) StderrLine: {'line': b'                 from \x1b[01m\x1b[K/usr/include/eigen3/Eigen/Dense:1\x1b[m\x1b[K,\n'}
[2.795593] (consenso_pkg) StderrLine: {'line': b'                 from \x1b[01m\x1b[K/home/fortunato/ros2_ws/src/consenso/src/nodo.cpp:3\x1b[m\x1b[K:\n'}
[2.795700] (consenso_pkg) StderrLine: {'line': b'\x1b[01m\x1b[K/usr/include/eigen3/Eigen/src/Core/Matrix.h:438:13:\x1b[m\x1b[K \x1b[01;36m\x1b[Knote: \x1b[m\x1b[Kcandidate: \xe2\x80\x98\x1b[01m\x1b[Ktemplate<class OtherDerived> Eigen::Matrix<_Scalar, _Rows, _Cols, _Options, _MaxRows, _MaxCols>& Eigen::Matrix<_Scalar, _Rows, _Cols, _Options, _MaxRows, _MaxCols>::operator=(const Eigen::RotationBase<OtherDerived, Eigen::Matrix<_Scalar, _Rows, _Cols, _Options, _MaxRows, _MaxCols>::ColsAtCompileTime>&) [with OtherDerived = OtherDerived; _Scalar = double; int _Rows = -1; int _Cols = 1; int _Options = 0; int _MaxRows = -1; int _MaxCols = 1]\x1b[m\x1b[K\xe2\x80\x99\n'}
[2.795812] (consenso_pkg) StderrLine: {'line': b'  438 |     Matrix& \x1b[01;36m\x1b[Koperator\x1b[m\x1b[K=(const RotationBase<OtherDerived,ColsAtCompileTime>& r);\n'}
[2.796050] (consenso_pkg) StderrLine: {'line': b'      |             \x1b[01;36m\x1b[K^~~~~~~~\x1b[m\x1b[K\n'}
[2.796160] (consenso_pkg) StderrLine: {'line': b'\x1b[01m\x1b[K/usr/include/eigen3/Eigen/src/Core/Matrix.h:438:13:\x1b[m\x1b[K \x1b[01;36m\x1b[Knote: \x1b[m\x1b[K  template argument deduction/substitution failed:\n'}
[2.796268] (consenso_pkg) StderrLine: {'line': b'\x1b[01m\x1b[K/home/fortunato/ros2_ws/src/consenso/src/nodo.cpp:17:21:\x1b[m\x1b[K \x1b[01;36m\x1b[Knote: \x1b[m\x1b[K  \xe2\x80\x98\x1b[01m\x1b[KNodoConsenso::NodoConsenso()::<lambda()>\x1b[m\x1b[K\xe2\x80\x99 is not derived from \xe2\x80\x98\x1b[01m\x1b[Kconst Eigen::RotationBase<OtherDerived, 1>\x1b[m\x1b[K\xe2\x80\x99\n'}
[2.796385] (consenso_pkg) StderrLine: {'line': b'   17 |         neighbors=[0\x1b[01;36m\x1b[K,\x1b[m\x1b[K0];\n'}
[2.796491] (consenso_pkg) StderrLine: {'line': b'      |                     \x1b[01;36m\x1b[K^\x1b[m\x1b[K\n'}
[2.796694] (consenso_pkg) StderrLine: {'line': b'In file included from \x1b[01m\x1b[K/usr/include/eigen3/Eigen/Core:295\x1b[m\x1b[K,\n'}
[2.796783] (consenso_pkg) StderrLine: {'line': b'                 from \x1b[01m\x1b[K/usr/include/eigen3/Eigen/Dense:1\x1b[m\x1b[K,\n'}
[2.796881] (consenso_pkg) StderrLine: {'line': b'                 from \x1b[01m\x1b[K/home/fortunato/ros2_ws/src/consenso/src/nodo.cpp:3\x1b[m\x1b[K:\n'}
[2.796974] (consenso_pkg) StderrLine: {'line': b'\x1b[01m\x1b[K/usr/include/eigen3/Eigen/src/Core/Matrix.h:206:33:\x1b[m\x1b[K \x1b[01;36m\x1b[Knote: \x1b[m\x1b[Kcandidate: \xe2\x80\x98\x1b[01m\x1b[KEigen::Matrix<_Scalar, _Rows, _Cols, _Options, _MaxRows, _MaxCols>& Eigen::Matrix<_Scalar, _Rows, _Cols, _Options, _MaxRows, _MaxCols>::operator=(const Eigen::Matrix<_Scalar, _Rows, _Cols, _Options, _MaxRows, _MaxCols>&) [with _Scalar = double; int _Rows = -1; int _Cols = 1; int _Options = 0; int _MaxRows = -1; int _MaxCols = 1]\x1b[m\x1b[K\xe2\x80\x99\n'}
[2.797070] (consenso_pkg) StderrLine: {'line': b'  206 |     EIGEN_STRONG_INLINE Matrix& \x1b[01;36m\x1b[Koperator\x1b[m\x1b[K=(const Matrix& other)\n'}
[2.797158] (consenso_pkg) StderrLine: {'line': b'      |                                 \x1b[01;36m\x1b[K^~~~~~~~\x1b[m\x1b[K\n'}
[2.797244] (consenso_pkg) StderrLine: {'line': b'\x1b[01m\x1b[K/usr/include/eigen3/Eigen/src/Core/Matrix.h:206:57:\x1b[m\x1b[K \x1b[01;36m\x1b[Knote: \x1b[m\x1b[K  no known conversion for argument 1 from \xe2\x80\x98\x1b[01m\x1b[KNodoConsenso::NodoConsenso()::<lambda()>\x1b[m\x1b[K\xe2\x80\x99 to \xe2\x80\x98\x1b[01m\x1b[Kconst Eigen::Matrix<double, -1, 1>&\x1b[m\x1b[K\xe2\x80\x99\n'}
[2.797334] (consenso_pkg) StderrLine: {'line': b'  206 |     EIGEN_STRONG_INLINE Matrix& operator=(\x1b[01;36m\x1b[Kconst Matrix& other\x1b[m\x1b[K)\n'}
[2.797421] (consenso_pkg) StderrLine: {'line': b'      |                                           \x1b[01;36m\x1b[K~~~~~~~~~~~~~~^~~~~\x1b[m\x1b[K\n'}
[2.797508] (consenso_pkg) StderrLine: {'line': b'\x1b[01m\x1b[K/usr/include/eigen3/Eigen/src/Core/Matrix.h:279:13:\x1b[m\x1b[K \x1b[01;36m\x1b[Knote: \x1b[m\x1b[Kcandidate: \xe2\x80\x98\x1b[01m\x1b[KEigen::Matrix<_Scalar, _Rows, _Cols, _Options, _MaxRows, _MaxCols>& Eigen::Matrix<_Scalar, _Rows, _Cols, _Options, _MaxRows, _MaxCols>::operator=(Eigen::Matrix<_Scalar, _Rows, _Cols, _Options, _MaxRows, _MaxCols>&&) [with _Scalar = double; int _Rows = -1; int _Cols = 1; int _Options = 0; int _MaxRows = -1; int _MaxCols = 1]\x1b[m\x1b[K\xe2\x80\x99\n'}
[2.797605] (consenso_pkg) StderrLine: {'line': b'  279 |     Matrix& \x1b[01;36m\x1b[Koperator\x1b[m\x1b[K=(Matrix&& other) EIGEN_NOEXCEPT_IF(std::is_nothrow_move_assignable<Scalar>::value)\n'}
[2.797693] (consenso_pkg) StderrLine: {'line': b'      |             \x1b[01;36m\x1b[K^~~~~~~~\x1b[m\x1b[K\n'}
[2.797780] (consenso_pkg) StderrLine: {'line': b'\x1b[01m\x1b[K/usr/include/eigen3/Eigen/src/Core/Matrix.h:279:32:\x1b[m\x1b[K \x1b[01;36m\x1b[Knote: \x1b[m\x1b[K  no known conversion for argument 1 from \xe2\x80\x98\x1b[01m\x1b[KNodoConsenso::NodoConsenso()::<lambda()>\x1b[m\x1b[K\xe2\x80\x99 to \xe2\x80\x98\x1b[01m\x1b[KEigen::Matrix<double, -1, 1>&&\x1b[m\x1b[K\xe2\x80\x99\n'}
[2.797877] (consenso_pkg) StderrLine: {'line': b'  279 |     Matrix& operator=(\x1b[01;36m\x1b[KMatrix&& other\x1b[m\x1b[K) EIGEN_NOEXCEPT_IF(std::is_nothrow_move_assignable<Scalar>::value)\n'}
[2.797973] (consenso_pkg) StderrLine: {'line': b'      |                       \x1b[01;36m\x1b[K~~~~~~~~~^~~~~\x1b[m\x1b[K\n'}
[2.798140] (consenso_pkg) StderrLine: {'line': b'\x1b[01m\x1b[K/home/fortunato/ros2_ws/src/consenso/src/nodo.cpp:40:20:\x1b[m\x1b[K \x1b[01;31m\x1b[Kerror: \x1b[m\x1b[Kcapture of non-variable \xe2\x80\x98\x1b[01m\x1b[KNodoConsenso::idl\x1b[m\x1b[K\xe2\x80\x99\n'}
[2.798306] (consenso_pkg) StderrLine: {'line': b'   40 |             [this, \x1b[01;31m\x1b[Kidl\x1b[m\x1b[K](const example_interfaces::msg::Float64MultiArray::SharedPtr msg)\n'}
[2.798413] (consenso_pkg) StderrLine: {'line': b'      |                    \x1b[01;31m\x1b[K^~~\x1b[m\x1b[K\n'}
[2.798563] (consenso_pkg) StderrLine: {'line': b'\x1b[01m\x1b[K/home/fortunato/ros2_ws/src/consenso/src/nodo.cpp:125:9:\x1b[m\x1b[K \x1b[01;36m\x1b[Knote: \x1b[m\x1b[K\xe2\x80\x98\x1b[01m\x1b[Kint NodoConsenso::idl\x1b[m\x1b[K\xe2\x80\x99 declared here\n'}
[2.798671] (consenso_pkg) StderrLine: {'line': b'  125 |     int \x1b[01;36m\x1b[Kidl\x1b[m\x1b[K,idr;\n'}
[2.798777] (consenso_pkg) StderrLine: {'line': b'      |         \x1b[01;36m\x1b[K^~~\x1b[m\x1b[K\n'}
[2.799043] (consenso_pkg) StderrLine: {'line': b'\x1b[01m\x1b[K/home/fortunato/ros2_ws/src/consenso/src/nodo.cpp:\x1b[m\x1b[K In lambda function:\n'}
[2.799511] (consenso_pkg) StderrLine: {'line': b'\x1b[01m\x1b[K/home/fortunato/ros2_ws/src/consenso/src/nodo.cpp:43:40:\x1b[m\x1b[K \x1b[01;31m\x1b[Kerror: \x1b[m\x1b[Kno match for \xe2\x80\x98\x1b[01m\x1b[Koperator=\x1b[m\x1b[K\xe2\x80\x99 (operand types are \xe2\x80\x98\x1b[01m\x1b[KEigen::MatrixXd\x1b[m\x1b[K\xe2\x80\x99 {aka \xe2\x80\x98\x1b[01m\x1b[KEigen::Matrix<double, -1, -1>\x1b[m\x1b[K\xe2\x80\x99} and \xe2\x80\x98\x1b[01m\x1b[Kexample_interfaces::msg::Float64MultiArray_<std::allocator<void> >::_data_type\x1b[m\x1b[K\xe2\x80\x99 {aka \xe2\x80\x98\x1b[01m\x1b[Kstd::vector<double, std::allocator<double> >\x1b[m\x1b[K\xe2\x80\x99})\n'}
[2.799629] (consenso_pkg) StderrLine: {'line': b'   43 |                     neighbor_Vl = msg->\x1b[01;31m\x1b[Kdata\x1b[m\x1b[K;\n'}
[2.799738] (consenso_pkg) StderrLine: {'line': b'      |                                        \x1b[01;31m\x1b[K^~~~\x1b[m\x1b[K\n'}
[2.799853] (consenso_pkg) StderrLine: {'line': b'In file included from \x1b[01m\x1b[K/usr/include/eigen3/Eigen/Core:295\x1b[m\x1b[K,\n'}
[2.800344] (consenso_pkg) StderrLine: {'line': b'                 from \x1b[01m\x1b[K/usr/include/eigen3/Eigen/Dense:1\x1b[m\x1b[K,\n'}
[2.800436] (consenso_pkg) StderrLine: {'line': b'                 from \x1b[01m\x1b[K/home/fortunato/ros2_ws/src/consenso/src/nodo.cpp:3\x1b[m\x1b[K:\n'}
[2.800524] (consenso_pkg) StderrLine: {'line': b'\x1b[01m\x1b[K/usr/include/eigen3/Eigen/src/Core/Matrix.h:223:33:\x1b[m\x1b[K \x1b[01;36m\x1b[Knote: \x1b[m\x1b[Kcandidate: \xe2\x80\x98\x1b[01m\x1b[Ktemplate<class OtherDerived> Eigen::Matrix<_Scalar, _Rows, _Cols, _Options, _MaxRows, _MaxCols>& Eigen::Matrix<_Scalar, _Rows, _Cols, _Options, _MaxRows, _MaxCols>::operator=(const Eigen::DenseBase<OtherDerived>&) [with OtherDerived = OtherDerived; _Scalar = double; int _Rows = -1; int _Cols = -1; int _Options = 0; int _MaxRows = -1; int _MaxCols = -1]\x1b[m\x1b[K\xe2\x80\x99\n'}
[2.800616] (consenso_pkg) StderrLine: {'line': b'  223 |     EIGEN_STRONG_INLINE Matrix& \x1b[01;36m\x1b[Koperator\x1b[m\x1b[K=(const DenseBase<OtherDerived>& other)\n'}
[2.800704] (consenso_pkg) StderrLine: {'line': b'      |                                 \x1b[01;36m\x1b[K^~~~~~~~\x1b[m\x1b[K\n'}
[2.800791] (consenso_pkg) StderrLine: {'line': b'\x1b[01m\x1b[K/usr/include/eigen3/Eigen/src/Core/Matrix.h:223:33:\x1b[m\x1b[K \x1b[01;36m\x1b[Knote: \x1b[m\x1b[K  template argument deduction/substitution failed:\n'}
[2.800896] (consenso_pkg) StderrLine: {'line': b'\x1b[01m\x1b[K/home/fortunato/ros2_ws/src/consenso/src/nodo.cpp:43:40:\x1b[m\x1b[K \x1b[01;36m\x1b[Knote: \x1b[m\x1b[K  \xe2\x80\x98\x1b[01m\x1b[Kexample_interfaces::msg::Float64MultiArray_<std::allocator<void> >::_data_type\x1b[m\x1b[K\xe2\x80\x99 {aka \xe2\x80\x98\x1b[01m\x1b[Kstd::vector<double, std::allocator<double> >\x1b[m\x1b[K\xe2\x80\x99} is not derived from \xe2\x80\x98\x1b[01m\x1b[Kconst Eigen::DenseBase<Derived>\x1b[m\x1b[K\xe2\x80\x99\n'}
[2.800992] (consenso_pkg) StderrLine: {'line': b'   43 |                     neighbor_Vl = msg->\x1b[01;36m\x1b[Kdata\x1b[m\x1b[K;\n'}
[2.801080] (consenso_pkg) StderrLine: {'line': b'      |                                        \x1b[01;36m\x1b[K^~~~\x1b[m\x1b[K\n'}
[2.801167] (consenso_pkg) StderrLine: {'line': b'In file included from \x1b[01m\x1b[K/usr/include/eigen3/Eigen/Core:295\x1b[m\x1b[K,\n'}
[2.801253] (consenso_pkg) StderrLine: {'line': b'                 from \x1b[01m\x1b[K/usr/include/eigen3/Eigen/Dense:1\x1b[m\x1b[K,\n'}
[2.801344] (consenso_pkg) StderrLine: {'line': b'                 from \x1b[01m\x1b[K/home/fortunato/ros2_ws/src/consenso/src/nodo.cpp:3\x1b[m\x1b[K:\n'}
[2.801431] (consenso_pkg) StderrLine: {'line': b'\x1b[01m\x1b[K/usr/include/eigen3/Eigen/src/Core/Matrix.h:236:33:\x1b[m\x1b[K \x1b[01;36m\x1b[Knote: \x1b[m\x1b[Kcandidate: \xe2\x80\x98\x1b[01m\x1b[Ktemplate<class OtherDerived> Eigen::Matrix<_Scalar, _Rows, _Cols, _Options, _MaxRows, _MaxCols>& Eigen::Matrix<_Scalar, _Rows, _Cols, _Options, _MaxRows, _MaxCols>::operator=(const Eigen::EigenBase<OtherDerived>&) [with OtherDerived = OtherDerived; _Scalar = double; int _Rows = -1; int _Cols = -1; int _Options = 0; int _MaxRows = -1; int _MaxCols = -1]\x1b[m\x1b[K\xe2\x80\x99\n'}
[2.801528] (consenso_pkg) StderrLine: {'line': b'  236 |     EIGEN_STRONG_INLINE Matrix& \x1b[01;36m\x1b[Koperator\x1b[m\x1b[K=(const EigenBase<OtherDerived> &other)\n'}
[2.801615] (consenso_pkg) StderrLine: {'line': b'      |                                 \x1b[01;36m\x1b[K^~~~~~~~\x1b[m\x1b[K\n'}
[2.801715] (consenso_pkg) StderrLine: {'line': b'\x1b[01m\x1b[K/usr/include/eigen3/Eigen/src/Core/Matrix.h:236:33:\x1b[m\x1b[K \x1b[01;36m\x1b[Knote: \x1b[m\x1b[K  template argument deduction/substitution failed:\n'}
[2.801803] (consenso_pkg) StderrLine: {'line': b'\x1b[01m\x1b[K/home/fortunato/ros2_ws/src/consenso/src/nodo.cpp:43:40:\x1b[m\x1b[K \x1b[01;36m\x1b[Knote: \x1b[m\x1b[K  \xe2\x80\x98\x1b[01m\x1b[Kexample_interfaces::msg::Float64MultiArray_<std::allocator<void> >::_data_type\x1b[m\x1b[K\xe2\x80\x99 {aka \xe2\x80\x98\x1b[01m\x1b[Kstd::vector<double, std::allocator<double> >\x1b[m\x1b[K\xe2\x80\x99} is not derived from \xe2\x80\x98\x1b[01m\x1b[Kconst Eigen::EigenBase<Derived>\x1b[m\x1b[K\xe2\x80\x99\n'}
[2.801887] (consenso_pkg) StderrLine: {'line': b'   43 |                     neighbor_Vl = msg->\x1b[01;36m\x1b[Kdata\x1b[m\x1b[K;\n'}
[2.801941] (consenso_pkg) StderrLine: {'line': b'      |                                        \x1b[01;36m\x1b[K^~~~\x1b[m\x1b[K\n'}
[2.801990] (consenso_pkg) StderrLine: {'line': b'In file included from \x1b[01m\x1b[K/usr/include/eigen3/Eigen/Core:295\x1b[m\x1b[K,\n'}
[2.802038] (consenso_pkg) StderrLine: {'line': b'                 from \x1b[01m\x1b[K/usr/include/eigen3/Eigen/Dense:1\x1b[m\x1b[K,\n'}
[2.802086] (consenso_pkg) StderrLine: {'line': b'                 from \x1b[01m\x1b[K/home/fortunato/ros2_ws/src/consenso/src/nodo.cpp:3\x1b[m\x1b[K:\n'}
[2.802135] (consenso_pkg) StderrLine: {'line': b'\x1b[01m\x1b[K/usr/include/eigen3/Eigen/src/Core/Matrix.h:243:33:\x1b[m\x1b[K \x1b[01;36m\x1b[Knote: \x1b[m\x1b[Kcandidate: \xe2\x80\x98\x1b[01m\x1b[Ktemplate<class OtherDerived> Eigen::Matrix<_Scalar, _Rows, _Cols, _Options, _MaxRows, _MaxCols>& Eigen::Matrix<_Scalar, _Rows, _Cols, _Options, _MaxRows, _MaxCols>::operator=(const Eigen::ReturnByValue<OtherDerived>&) [with OtherDerived = OtherDerived; _Scalar = double; int _Rows = -1; int _Cols = -1; int _Options = 0; int _MaxRows = -1; int _MaxCols = -1]\x1b[m\x1b[K\xe2\x80\x99\n'}
[2.802187] (consenso_pkg) StderrLine: {'line': b'  243 |     EIGEN_STRONG_INLINE Matrix& \x1b[01;36m\x1b[Koperator\x1b[m\x1b[K=(const ReturnByValue<OtherDerived>& func)\n'}
[2.802236] (consenso_pkg) StderrLine: {'line': b'      |                                 \x1b[01;36m\x1b[K^~~~~~~~\x1b[m\x1b[K\n'}
[2.802284] (consenso_pkg) StderrLine: {'line': b'\x1b[01m\x1b[K/usr/include/eigen3/Eigen/src/Core/Matrix.h:243:33:\x1b[m\x1b[K \x1b[01;36m\x1b[Knote: \x1b[m\x1b[K  template argument deduction/substitution failed:\n'}
[2.802333] (consenso_pkg) StderrLine: {'line': b'\x1b[01m\x1b[K/home/fortunato/ros2_ws/src/consenso/src/nodo.cpp:43:40:\x1b[m\x1b[K \x1b[01;36m\x1b[Knote: \x1b[m\x1b[K  \xe2\x80\x98\x1b[01m\x1b[Kexample_interfaces::msg::Float64MultiArray_<std::allocator<void> >::_data_type\x1b[m\x1b[K\xe2\x80\x99 {aka \xe2\x80\x98\x1b[01m\x1b[Kstd::vector<double, std::allocator<double> >\x1b[m\x1b[K\xe2\x80\x99} is not derived from \xe2\x80\x98\x1b[01m\x1b[Kconst Eigen::ReturnByValue<Derived>\x1b[m\x1b[K\xe2\x80\x99\n'}
[2.802396] (consenso_pkg) StderrLine: {'line': b'   43 |                     neighbor_Vl = msg->\x1b[01;36m\x1b[Kdata\x1b[m\x1b[K;\n'}
[2.802445] (consenso_pkg) StderrLine: {'line': b'      |                                        \x1b[01;36m\x1b[K^~~~\x1b[m\x1b[K\n'}
[2.802493] (consenso_pkg) StderrLine: {'line': b'In file included from \x1b[01m\x1b[K/usr/include/eigen3/Eigen/Core:295\x1b[m\x1b[K,\n'}
[2.802541] (consenso_pkg) StderrLine: {'line': b'                 from \x1b[01m\x1b[K/usr/include/eigen3/Eigen/Dense:1\x1b[m\x1b[K,\n'}
[2.802589] (consenso_pkg) StderrLine: {'line': b'                 from \x1b[01m\x1b[K/home/fortunato/ros2_ws/src/consenso/src/nodo.cpp:3\x1b[m\x1b[K:\n'}
[2.802638] (consenso_pkg) StderrLine: {'line': b'\x1b[01m\x1b[K/usr/include/eigen3/Eigen/src/Core/Matrix.h:438:13:\x1b[m\x1b[K \x1b[01;36m\x1b[Knote: \x1b[m\x1b[Kcandidate: \xe2\x80\x98\x1b[01m\x1b[Ktemplate<class OtherDerived> Eigen::Matrix<_Scalar, _Rows, _Cols, _Options, _MaxRows, _MaxCols>& Eigen::Matrix<_Scalar, _Rows, _Cols, _Options, _MaxRows, _MaxCols>::operator=(const Eigen::RotationBase<OtherDerived, Eigen::Matrix<_Scalar, _Rows, _Cols, _Options, _MaxRows, _MaxCols>::ColsAtCompileTime>&) [with OtherDerived = OtherDerived; _Scalar = double; int _Rows = -1; int _Cols = -1; int _Options = 0; int _MaxRows = -1; int _MaxCols = -1]\x1b[m\x1b[K\xe2\x80\x99\n'}
[2.802694] (consenso_pkg) StderrLine: {'line': b'  438 |     Matrix& \x1b[01;36m\x1b[Koperator\x1b[m\x1b[K=(const RotationBase<OtherDerived,ColsAtCompileTime>& r);\n'}
[2.802743] (consenso_pkg) StderrLine: {'line': b'      |             \x1b[01;36m\x1b[K^~~~~~~~\x1b[m\x1b[K\n'}
[2.802791] (consenso_pkg) StderrLine: {'line': b'\x1b[01m\x1b[K/usr/include/eigen3/Eigen/src/Core/Matrix.h:438:13:\x1b[m\x1b[K \x1b[01;36m\x1b[Knote: \x1b[m\x1b[K  template argument deduction/substitution failed:\n'}
[2.802839] (consenso_pkg) StderrLine: {'line': b'\x1b[01m\x1b[K/home/fortunato/ros2_ws/src/consenso/src/nodo.cpp:43:40:\x1b[m\x1b[K \x1b[01;36m\x1b[Knote: \x1b[m\x1b[K  \xe2\x80\x98\x1b[01m\x1b[Kexample_interfaces::msg::Float64MultiArray_<std::allocator<void> >::_data_type\x1b[m\x1b[K\xe2\x80\x99 {aka \xe2\x80\x98\x1b[01m\x1b[Kstd::vector<double, std::allocator<double> >\x1b[m\x1b[K\xe2\x80\x99} is not derived from \xe2\x80\x98\x1b[01m\x1b[Kconst Eigen::RotationBase<OtherDerived, -1>\x1b[m\x1b[K\xe2\x80\x99\n'}
[2.802905] (consenso_pkg) StderrLine: {'line': b'   43 |                     neighbor_Vl = msg->\x1b[01;36m\x1b[Kdata\x1b[m\x1b[K;\n'}
[2.802960] (consenso_pkg) StderrLine: {'line': b'      |                                        \x1b[01;36m\x1b[K^~~~\x1b[m\x1b[K\n'}
[2.803009] (consenso_pkg) StderrLine: {'line': b'In file included from \x1b[01m\x1b[K/usr/include/eigen3/Eigen/Core:295\x1b[m\x1b[K,\n'}
[2.803061] (consenso_pkg) StderrLine: {'line': b'                 from \x1b[01m\x1b[K/usr/include/eigen3/Eigen/Dense:1\x1b[m\x1b[K,\n'}
[2.803110] (consenso_pkg) StderrLine: {'line': b'                 from \x1b[01m\x1b[K/home/fortunato/ros2_ws/src/consenso/src/nodo.cpp:3\x1b[m\x1b[K:\n'}
[2.803159] (consenso_pkg) StderrLine: {'line': b'\x1b[01m\x1b[K/usr/include/eigen3/Eigen/src/Core/Matrix.h:206:33:\x1b[m\x1b[K \x1b[01;36m\x1b[Knote: \x1b[m\x1b[Kcandidate: \xe2\x80\x98\x1b[01m\x1b[KEigen::Matrix<_Scalar, _Rows, _Cols, _Options, _MaxRows, _MaxCols>& Eigen::Matrix<_Scalar, _Rows, _Cols, _Options, _MaxRows, _MaxCols>::operator=(const Eigen::Matrix<_Scalar, _Rows, _Cols, _Options, _MaxRows, _MaxCols>&) [with _Scalar = double; int _Rows = -1; int _Cols = -1; int _Options = 0; int _MaxRows = -1; int _MaxCols = -1]\x1b[m\x1b[K\xe2\x80\x99\n'}
[2.803211] (consenso_pkg) StderrLine: {'line': b'  206 |     EIGEN_STRONG_INLINE Matrix& \x1b[01;36m\x1b[Koperator\x1b[m\x1b[K=(const Matrix& other)\n'}
[2.803260] (consenso_pkg) StderrLine: {'line': b'      |                                 \x1b[01;36m\x1b[K^~~~~~~~\x1b[m\x1b[K\n'}
[2.803309] (consenso_pkg) StderrLine: {'line': b'\x1b[01m\x1b[K/usr/include/eigen3/Eigen/src/Core/Matrix.h:206:57:\x1b[m\x1b[K \x1b[01;36m\x1b[Knote: \x1b[m\x1b[K  no known conversion for argument 1 from \xe2\x80\x98\x1b[01m\x1b[Kexample_interfaces::msg::Float64MultiArray_<std::allocator<void> >::_data_type\x1b[m\x1b[K\xe2\x80\x99 {aka \xe2\x80\x98\x1b[01m\x1b[Kstd::vector<double, std::allocator<double> >\x1b[m\x1b[K\xe2\x80\x99} to \xe2\x80\x98\x1b[01m\x1b[Kconst Eigen::Matrix<double, -1, -1>&\x1b[m\x1b[K\xe2\x80\x99\n'}
[2.803364] (consenso_pkg) StderrLine: {'line': b'  206 |     EIGEN_STRONG_INLINE Matrix& operator=(\x1b[01;36m\x1b[Kconst Matrix& other\x1b[m\x1b[K)\n'}
[2.803412] (consenso_pkg) StderrLine: {'line': b'      |                                           \x1b[01;36m\x1b[K~~~~~~~~~~~~~~^~~~~\x1b[m\x1b[K\n'}
[2.803461] (consenso_pkg) StderrLine: {'line': b'\x1b[01m\x1b[K/usr/include/eigen3/Eigen/src/Core/Matrix.h:279:13:\x1b[m\x1b[K \x1b[01;36m\x1b[Knote: \x1b[m\x1b[Kcandidate: \xe2\x80\x98\x1b[01m\x1b[KEigen::Matrix<_Scalar, _Rows, _Cols, _Options, _MaxRows, _MaxCols>& Eigen::Matrix<_Scalar, _Rows, _Cols, _Options, _MaxRows, _MaxCols>::operator=(Eigen::Matrix<_Scalar, _Rows, _Cols, _Options, _MaxRows, _MaxCols>&&) [with _Scalar = double; int _Rows = -1; int _Cols = -1; int _Options = 0; int _MaxRows = -1; int _MaxCols = -1]\x1b[m\x1b[K\xe2\x80\x99\n'}
[2.803513] (consenso_pkg) StderrLine: {'line': b'  279 |     Matrix& \x1b[01;36m\x1b[Koperator\x1b[m\x1b[K=(Matrix&& other) EIGEN_NOEXCEPT_IF(std::is_nothrow_move_assignable<Scalar>::value)\n'}
[2.803562] (consenso_pkg) StderrLine: {'line': b'      |             \x1b[01;36m\x1b[K^~~~~~~~\x1b[m\x1b[K\n'}
[2.803611] (consenso_pkg) StderrLine: {'line': b'\x1b[01m\x1b[K/usr/include/eigen3/Eigen/src/Core/Matrix.h:279:32:\x1b[m\x1b[K \x1b[01;36m\x1b[Knote: \x1b[m\x1b[K  no known conversion for argument 1 from \xe2\x80\x98\x1b[01m\x1b[Kexample_interfaces::msg::Float64MultiArray_<std::allocator<void> >::_data_type\x1b[m\x1b[K\xe2\x80\x99 {aka \xe2\x80\x98\x1b[01m\x1b[Kstd::vector<double, std::allocator<double> >\x1b[m\x1b[K\xe2\x80\x99} to \xe2\x80\x98\x1b[01m\x1b[KEigen::Matrix<double, -1, -1>&&\x1b[m\x1b[K\xe2\x80\x99\n'}
[2.803664] (consenso_pkg) StderrLine: {'line': b'  279 |     Matrix& operator=(\x1b[01;36m\x1b[KMatrix&& other\x1b[m\x1b[K) EIGEN_NOEXCEPT_IF(std::is_nothrow_move_assignable<Scalar>::value)\n'}
[2.803713] (consenso_pkg) StderrLine: {'line': b'      |                       \x1b[01;36m\x1b[K~~~~~~~~~^~~~~\x1b[m\x1b[K\n'}
[2.803761] (consenso_pkg) StderrLine: {'line': b'\x1b[01m\x1b[K/home/fortunato/ros2_ws/src/consenso/src/nodo.cpp:\x1b[m\x1b[K In constructor \xe2\x80\x98\x1b[01m\x1b[KNodoConsenso::NodoConsenso()\x1b[m\x1b[K\xe2\x80\x99:\n'}
[2.803816] (consenso_pkg) StderrLine: {'line': b'\x1b[01m\x1b[K/home/fortunato/ros2_ws/src/consenso/src/nodo.cpp:50:20:\x1b[m\x1b[K \x1b[01;31m\x1b[Kerror: \x1b[m\x1b[Kcapture of non-variable \xe2\x80\x98\x1b[01m\x1b[KNodoConsenso::idl\x1b[m\x1b[K\xe2\x80\x99\n'}
[2.803876] (consenso_pkg) StderrLine: {'line': b'   50 |             [this, \x1b[01;31m\x1b[Kidl\x1b[m\x1b[K](const example_interfaces::msg::Float64MultiArray::SharedPtr msg)\n'}
[2.803930] (consenso_pkg) StderrLine: {'line': b'      |                    \x1b[01;31m\x1b[K^~~\x1b[m\x1b[K\n'}
[2.803979] (consenso_pkg) StderrLine: {'line': b'\x1b[01m\x1b[K/home/fortunato/ros2_ws/src/consenso/src/nodo.cpp:125:9:\x1b[m\x1b[K \x1b[01;36m\x1b[Knote: \x1b[m\x1b[K\xe2\x80\x98\x1b[01m\x1b[Kint NodoConsenso::idl\x1b[m\x1b[K\xe2\x80\x99 declared here\n'}
[2.804029] (consenso_pkg) StderrLine: {'line': b'  125 |     int \x1b[01;36m\x1b[Kidl\x1b[m\x1b[K,idr;\n'}
[2.804077] (consenso_pkg) StderrLine: {'line': b'      |         \x1b[01;36m\x1b[K^~~\x1b[m\x1b[K\n'}
[2.804126] (consenso_pkg) StderrLine: {'line': b'\x1b[01m\x1b[K/home/fortunato/ros2_ws/src/consenso/src/nodo.cpp:\x1b[m\x1b[K In lambda function:\n'}
[2.804174] (consenso_pkg) StderrLine: {'line': b'\x1b[01m\x1b[K/home/fortunato/ros2_ws/src/consenso/src/nodo.cpp:53:40:\x1b[m\x1b[K \x1b[01;31m\x1b[Kerror: \x1b[m\x1b[Kno match for \xe2\x80\x98\x1b[01m\x1b[Koperator=\x1b[m\x1b[K\xe2\x80\x99 (operand types are \xe2\x80\x98\x1b[01m\x1b[KEigen::MatrixXd\x1b[m\x1b[K\xe2\x80\x99 {aka \xe2\x80\x98\x1b[01m\x1b[KEigen::Matrix<double, -1, -1>\x1b[m\x1b[K\xe2\x80\x99} and \xe2\x80\x98\x1b[01m\x1b[Kexample_interfaces::msg::Float64MultiArray_<std::allocator<void> >::_data_type\x1b[m\x1b[K\xe2\x80\x99 {aka \xe2\x80\x98\x1b[01m\x1b[Kstd::vector<double, std::allocator<double> >\x1b[m\x1b[K\xe2\x80\x99})\n'}
[2.804239] (consenso_pkg) StderrLine: {'line': b'   53 |                     neighbor_vl = msg->\x1b[01;31m\x1b[Kdata\x1b[m\x1b[K;\n'}
[2.804301] (consenso_pkg) StderrLine: {'line': b'      |                                        \x1b[01;31m\x1b[K^~~~\x1b[m\x1b[K\n'}
[2.804346] (consenso_pkg) StderrLine: {'line': b'In file included from \x1b[01m\x1b[K/usr/include/eigen3/Eigen/Core:295\x1b[m\x1b[K,\n'}
[2.804391] (consenso_pkg) StderrLine: {'line': b'                 from \x1b[01m\x1b[K/usr/include/eigen3/Eigen/Dense:1\x1b[m\x1b[K,\n'}
[2.804439] (consenso_pkg) StderrLine: {'line': b'                 from \x1b[01m\x1b[K/home/fortunato/ros2_ws/src/consenso/src/nodo.cpp:3\x1b[m\x1b[K:\n'}
[2.804485] (consenso_pkg) StderrLine: {'line': b'\x1b[01m\x1b[K/usr/include/eigen3/Eigen/src/Core/Matrix.h:223:33:\x1b[m\x1b[K \x1b[01;36m\x1b[Knote: \x1b[m\x1b[Kcandidate: \xe2\x80\x98\x1b[01m\x1b[Ktemplate<class OtherDerived> Eigen::Matrix<_Scalar, _Rows, _Cols, _Options, _MaxRows, _MaxCols>& Eigen::Matrix<_Scalar, _Rows, _Cols, _Options, _MaxRows, _MaxCols>::operator=(const Eigen::DenseBase<OtherDerived>&) [with OtherDerived = OtherDerived; _Scalar = double; int _Rows = -1; int _Cols = -1; int _Options = 0; int _MaxRows = -1; int _MaxCols = -1]\x1b[m\x1b[K\xe2\x80\x99\n'}
[2.804537] (consenso_pkg) StderrLine: {'line': b'  223 |     EIGEN_STRONG_INLINE Matrix& \x1b[01;36m\x1b[Koperator\x1b[m\x1b[K=(const DenseBase<OtherDerived>& other)\n'}
[2.804583] (consenso_pkg) StderrLine: {'line': b'      |                                 \x1b[01;36m\x1b[K^~~~~~~~\x1b[m\x1b[K\n'}
[2.804628] (consenso_pkg) StderrLine: {'line': b'\x1b[01m\x1b[K/usr/include/eigen3/Eigen/src/Core/Matrix.h:223:33:\x1b[m\x1b[K \x1b[01;36m\x1b[Knote: \x1b[m\x1b[K  template argument deduction/substitution failed:\n'}
[2.804674] (consenso_pkg) StderrLine: {'line': b'\x1b[01m\x1b[K/home/fortunato/ros2_ws/src/consenso/src/nodo.cpp:53:40:\x1b[m\x1b[K \x1b[01;36m\x1b[Knote: \x1b[m\x1b[K  \xe2\x80\x98\x1b[01m\x1b[Kexample_interfaces::msg::Float64MultiArray_<std::allocator<void> >::_data_type\x1b[m\x1b[K\xe2\x80\x99 {aka \xe2\x80\x98\x1b[01m\x1b[Kstd::vector<double, std::allocator<double> >\x1b[m\x1b[K\xe2\x80\x99} is not derived from \xe2\x80\x98\x1b[01m\x1b[Kconst Eigen::DenseBase<Derived>\x1b[m\x1b[K\xe2\x80\x99\n'}
[2.804722] (consenso_pkg) StderrLine: {'line': b'   53 |                     neighbor_vl = msg->\x1b[01;36m\x1b[Kdata\x1b[m\x1b[K;\n'}
[2.804767] (consenso_pkg) StderrLine: {'line': b'      |                                        \x1b[01;36m\x1b[K^~~~\x1b[m\x1b[K\n'}
[2.804831] (consenso_pkg) StderrLine: {'line': b'In file included from \x1b[01m\x1b[K/usr/include/eigen3/Eigen/Core:295\x1b[m\x1b[K,\n'}
[2.804898] (consenso_pkg) StderrLine: {'line': b'                 from \x1b[01m\x1b[K/usr/include/eigen3/Eigen/Dense:1\x1b[m\x1b[K,\n'}
[2.804951] (consenso_pkg) StderrLine: {'line': b'                 from \x1b[01m\x1b[K/home/fortunato/ros2_ws/src/consenso/src/nodo.cpp:3\x1b[m\x1b[K:\n'}
[2.805013] (consenso_pkg) StderrLine: {'line': b'\x1b[01m\x1b[K/usr/include/eigen3/Eigen/src/Core/Matrix.h:236:33:\x1b[m\x1b[K \x1b[01;36m\x1b[Knote: \x1b[m\x1b[Kcandidate: \xe2\x80\x98\x1b[01m\x1b[Ktemplate<class OtherDerived> Eigen::Matrix<_Scalar, _Rows, _Cols, _Options, _MaxRows, _MaxCols>& Eigen::Matrix<_Scalar, _Rows, _Cols, _Options, _MaxRows, _MaxCols>::operator=(const Eigen::EigenBase<OtherDerived>&) [with OtherDerived = OtherDerived; _Scalar = double; int _Rows = -1; int _Cols = -1; int _Options = 0; int _MaxRows = -1; int _MaxCols = -1]\x1b[m\x1b[K\xe2\x80\x99\n'}
[2.805082] (consenso_pkg) StderrLine: {'line': b'  236 |     EIGEN_STRONG_INLINE Matrix& \x1b[01;36m\x1b[Koperator\x1b[m\x1b[K=(const EigenBase<OtherDerived> &other)\n'}
[2.805133] (consenso_pkg) StderrLine: {'line': b'      |                                 \x1b[01;36m\x1b[K^~~~~~~~\x1b[m\x1b[K\n'}
[2.805178] (consenso_pkg) StderrLine: {'line': b'\x1b[01m\x1b[K/usr/include/eigen3/Eigen/src/Core/Matrix.h:236:33:\x1b[m\x1b[K \x1b[01;36m\x1b[Knote: \x1b[m\x1b[K  template argument deduction/substitution failed:\n'}
[2.805223] (consenso_pkg) StderrLine: {'line': b'\x1b[01m\x1b[K/home/fortunato/ros2_ws/src/consenso/src/nodo.cpp:53:40:\x1b[m\x1b[K \x1b[01;36m\x1b[Knote: \x1b[m\x1b[K  \xe2\x80\x98\x1b[01m\x1b[Kexample_interfaces::msg::Float64MultiArray_<std::allocator<void> >::_data_type\x1b[m\x1b[K\xe2\x80\x99 {aka \xe2\x80\x98\x1b[01m\x1b[Kstd::vector<double, std::allocator<double> >\x1b[m\x1b[K\xe2\x80\x99} is not derived from \xe2\x80\x98\x1b[01m\x1b[Kconst Eigen::EigenBase<Derived>\x1b[m\x1b[K\xe2\x80\x99\n'}
[2.805274] (consenso_pkg) StderrLine: {'line': b'   53 |                     neighbor_vl = msg->\x1b[01;36m\x1b[Kdata\x1b[m\x1b[K;\n'}
[2.805320] (consenso_pkg) StderrLine: {'line': b'      |                                        \x1b[01;36m\x1b[K^~~~\x1b[m\x1b[K\n'}
[2.805365] (consenso_pkg) StderrLine: {'line': b'In file included from \x1b[01m\x1b[K/usr/include/eigen3/Eigen/Core:295\x1b[m\x1b[K,\n'}
[2.805409] (consenso_pkg) StderrLine: {'line': b'                 from \x1b[01m\x1b[K/usr/include/eigen3/Eigen/Dense:1\x1b[m\x1b[K,\n'}
[2.805467] (consenso_pkg) StderrLine: {'line': b'                 from \x1b[01m\x1b[K/home/fortunato/ros2_ws/src/consenso/src/nodo.cpp:3\x1b[m\x1b[K:\n'}
[2.805517] (consenso_pkg) StderrLine: {'line': b'\x1b[01m\x1b[K/usr/include/eigen3/Eigen/src/Core/Matrix.h:243:33:\x1b[m\x1b[K \x1b[01;36m\x1b[Knote: \x1b[m\x1b[Kcandidate: \xe2\x80\x98\x1b[01m\x1b[Ktemplate<class OtherDerived> Eigen::Matrix<_Scalar, _Rows, _Cols, _Options, _MaxRows, _MaxCols>& Eigen::Matrix<_Scalar, _Rows, _Cols, _Options, _MaxRows, _MaxCols>::operator=(const Eigen::ReturnByValue<OtherDerived>&) [with OtherDerived = OtherDerived; _Scalar = double; int _Rows = -1; int _Cols = -1; int _Options = 0; int _MaxRows = -1; int _MaxCols = -1]\x1b[m\x1b[K\xe2\x80\x99\n'}
[2.805570] (consenso_pkg) StderrLine: {'line': b'  243 |     EIGEN_STRONG_INLINE Matrix& \x1b[01;36m\x1b[Koperator\x1b[m\x1b[K=(const ReturnByValue<OtherDerived>& func)\n'}
[2.805620] (consenso_pkg) StderrLine: {'line': b'      |                                 \x1b[01;36m\x1b[K^~~~~~~~\x1b[m\x1b[K\n'}
[2.805669] (consenso_pkg) StderrLine: {'line': b'\x1b[01m\x1b[K/usr/include/eigen3/Eigen/src/Core/Matrix.h:243:33:\x1b[m\x1b[K \x1b[01;36m\x1b[Knote: \x1b[m\x1b[K  template argument deduction/substitution failed:\n'}
[2.805720] (consenso_pkg) StderrLine: {'line': b'\x1b[01m\x1b[K/home/fortunato/ros2_ws/src/consenso/src/nodo.cpp:53:40:\x1b[m\x1b[K \x1b[01;36m\x1b[Knote: \x1b[m\x1b[K  \xe2\x80\x98\x1b[01m\x1b[Kexample_interfaces::msg::Float64MultiArray_<std::allocator<void> >::_data_type\x1b[m\x1b[K\xe2\x80\x99 {aka \xe2\x80\x98\x1b[01m\x1b[Kstd::vector<double, std::allocator<double> >\x1b[m\x1b[K\xe2\x80\x99} is not derived from \xe2\x80\x98\x1b[01m\x1b[Kconst Eigen::ReturnByValue<Derived>\x1b[m\x1b[K\xe2\x80\x99\n'}
[2.805779] (consenso_pkg) StderrLine: {'line': b'   53 |                     neighbor_vl = msg->\x1b[01;36m\x1b[Kdata\x1b[m\x1b[K;\n'}
[2.805829] (consenso_pkg) StderrLine: {'line': b'      |                                        \x1b[01;36m\x1b[K^~~~\x1b[m\x1b[K\n'}
[2.805897] (consenso_pkg) StderrLine: {'line': b'In file included from \x1b[01m\x1b[K/usr/include/eigen3/Eigen/Core:295\x1b[m\x1b[K,\n'}
[2.805951] (consenso_pkg) StderrLine: {'line': b'                 from \x1b[01m\x1b[K/usr/include/eigen3/Eigen/Dense:1\x1b[m\x1b[K,\n'}
[2.806001] (consenso_pkg) StderrLine: {'line': b'                 from \x1b[01m\x1b[K/home/fortunato/ros2_ws/src/consenso/src/nodo.cpp:3\x1b[m\x1b[K:\n'}
[2.806051] (consenso_pkg) StderrLine: {'line': b'\x1b[01m\x1b[K/usr/include/eigen3/Eigen/src/Core/Matrix.h:438:13:\x1b[m\x1b[K \x1b[01;36m\x1b[Knote: \x1b[m\x1b[Kcandidate: \xe2\x80\x98\x1b[01m\x1b[Ktemplate<class OtherDerived> Eigen::Matrix<_Scalar, _Rows, _Cols, _Options, _MaxRows, _MaxCols>& Eigen::Matrix<_Scalar, _Rows, _Cols, _Options, _MaxRows, _MaxCols>::operator=(const Eigen::RotationBase<OtherDerived, Eigen::Matrix<_Scalar, _Rows, _Cols, _Options, _MaxRows, _MaxCols>::ColsAtCompileTime>&) [with OtherDerived = OtherDerived; _Scalar = double; int _Rows = -1; int _Cols = -1; int _Options = 0; int _MaxRows = -1; int _MaxCols = -1]\x1b[m\x1b[K\xe2\x80\x99\n'}
[2.806111] (consenso_pkg) StderrLine: {'line': b'  438 |     Matrix& \x1b[01;36m\x1b[Koperator\x1b[m\x1b[K=(const RotationBase<OtherDerived,ColsAtCompileTime>& r);\n'}
[2.806161] (consenso_pkg) StderrLine: {'line': b'      |             \x1b[01;36m\x1b[K^~~~~~~~\x1b[m\x1b[K\n'}
[2.806211] (consenso_pkg) StderrLine: {'line': b'\x1b[01m\x1b[K/usr/include/eigen3/Eigen/src/Core/Matrix.h:438:13:\x1b[m\x1b[K \x1b[01;36m\x1b[Knote: \x1b[m\x1b[K  template argument deduction/substitution failed:\n'}
[2.806261] (consenso_pkg) StderrLine: {'line': b'\x1b[01m\x1b[K/home/fortunato/ros2_ws/src/consenso/src/nodo.cpp:53:40:\x1b[m\x1b[K \x1b[01;36m\x1b[Knote: \x1b[m\x1b[K  \xe2\x80\x98\x1b[01m\x1b[Kexample_interfaces::msg::Float64MultiArray_<std::allocator<void> >::_data_type\x1b[m\x1b[K\xe2\x80\x99 {aka \xe2\x80\x98\x1b[01m\x1b[Kstd::vector<double, std::allocator<double> >\x1b[m\x1b[K\xe2\x80\x99} is not derived from \xe2\x80\x98\x1b[01m\x1b[Kconst Eigen::RotationBase<OtherDerived, -1>\x1b[m\x1b[K\xe2\x80\x99\n'}
[2.806314] (consenso_pkg) StderrLine: {'line': b'   53 |                     neighbor_vl = msg->\x1b[01;36m\x1b[Kdata\x1b[m\x1b[K;\n'}
[2.806363] (consenso_pkg) StderrLine: {'line': b'      |                                        \x1b[01;36m\x1b[K^~~~\x1b[m\x1b[K\n'}
[2.806412] (consenso_pkg) StderrLine: {'line': b'In file included from \x1b[01m\x1b[K/usr/include/eigen3/Eigen/Core:295\x1b[m\x1b[K,\n'}
[2.806473] (consenso_pkg) StderrLine: {'line': b'                 from \x1b[01m\x1b[K/usr/include/eigen3/Eigen/Dense:1\x1b[m\x1b[K,\n'}
[2.806537] (consenso_pkg) StderrLine: {'line': b'                 from \x1b[01m\x1b[K/home/fortunato/ros2_ws/src/consenso/src/nodo.cpp:3\x1b[m\x1b[K:\n'}
[2.806585] (consenso_pkg) StderrLine: {'line': b'\x1b[01m\x1b[K/usr/include/eigen3/Eigen/src/Core/Matrix.h:206:33:\x1b[m\x1b[K \x1b[01;36m\x1b[Knote: \x1b[m\x1b[Kcandidate: \xe2\x80\x98\x1b[01m\x1b[KEigen::Matrix<_Scalar, _Rows, _Cols, _Options, _MaxRows, _MaxCols>& Eigen::Matrix<_Scalar, _Rows, _Cols, _Options, _MaxRows, _MaxCols>::operator=(const Eigen::Matrix<_Scalar, _Rows, _Cols, _Options, _MaxRows, _MaxCols>&) [with _Scalar = double; int _Rows = -1; int _Cols = -1; int _Options = 0; int _MaxRows = -1; int _MaxCols = -1]\x1b[m\x1b[K\xe2\x80\x99\n'}
[2.806640] (consenso_pkg) StderrLine: {'line': b'  206 |     EIGEN_STRONG_INLINE Matrix& \x1b[01;36m\x1b[Koperator\x1b[m\x1b[K=(const Matrix& other)\n'}
[2.806689] (consenso_pkg) StderrLine: {'line': b'      |                                 \x1b[01;36m\x1b[K^~~~~~~~\x1b[m\x1b[K\n'}
[2.806736] (consenso_pkg) StderrLine: {'line': b'\x1b[01m\x1b[K/usr/include/eigen3/Eigen/src/Core/Matrix.h:206:57:\x1b[m\x1b[K \x1b[01;36m\x1b[Knote: \x1b[m\x1b[K  no known conversion for argument 1 from \xe2\x80\x98\x1b[01m\x1b[Kexample_interfaces::msg::Float64MultiArray_<std::allocator<void> >::_data_type\x1b[m\x1b[K\xe2\x80\x99 {aka \xe2\x80\x98\x1b[01m\x1b[Kstd::vector<double, std::allocator<double> >\x1b[m\x1b[K\xe2\x80\x99} to \xe2\x80\x98\x1b[01m\x1b[Kconst Eigen::Matrix<double, -1, -1>&\x1b[m\x1b[K\xe2\x80\x99\n'}
[2.806787] (consenso_pkg) StderrLine: {'line': b'  206 |     EIGEN_STRONG_INLINE Matrix& operator=(\x1b[01;36m\x1b[Kconst Matrix& other\x1b[m\x1b[K)\n'}
[2.806835] (consenso_pkg) StderrLine: {'line': b'      |                                           \x1b[01;36m\x1b[K~~~~~~~~~~~~~~^~~~~\x1b[m\x1b[K\n'}
[2.806944] (consenso_pkg) StderrLine: {'line': b'\x1b[01m\x1b[K/usr/include/eigen3/Eigen/src/Core/Matrix.h:279:13:\x1b[m\x1b[K \x1b[01;36m\x1b[Knote: \x1b[m\x1b[Kcandidate: \xe2\x80\x98\x1b[01m\x1b[KEigen::Matrix<_Scalar, _Rows, _Cols, _Options, _MaxRows, _MaxCols>& Eigen::Matrix<_Scalar, _Rows, _Cols, _Options, _MaxRows, _MaxCols>::operator=(Eigen::Matrix<_Scalar, _Rows, _Cols, _Options, _MaxRows, _MaxCols>&&) [with _Scalar = double; int _Rows = -1; int _Cols = -1; int _Options = 0; int _MaxRows = -1; int _MaxCols = -1]\x1b[m\x1b[K\xe2\x80\x99\n'}
[2.807003] (consenso_pkg) StderrLine: {'line': b'  279 |     Matrix& \x1b[01;36m\x1b[Koperator\x1b[m\x1b[K=(Matrix&& other) EIGEN_NOEXCEPT_IF(std::is_nothrow_move_assignable<Scalar>::value)\n'}
[2.807053] (consenso_pkg) StderrLine: {'line': b'      |             \x1b[01;36m\x1b[K^~~~~~~~\x1b[m\x1b[K\n'}
[2.807100] (consenso_pkg) StderrLine: {'line': b'\x1b[01m\x1b[K/usr/include/eigen3/Eigen/src/Core/Matrix.h:279:32:\x1b[m\x1b[K \x1b[01;36m\x1b[Knote: \x1b[m\x1b[K  no known conversion for argument 1 from \xe2\x80\x98\x1b[01m\x1b[Kexample_interfaces::msg::Float64MultiArray_<std::allocator<void> >::_data_type\x1b[m\x1b[K\xe2\x80\x99 {aka \xe2\x80\x98\x1b[01m\x1b[Kstd::vector<double, std::allocator<double> >\x1b[m\x1b[K\xe2\x80\x99} to \xe2\x80\x98\x1b[01m\x1b[KEigen::Matrix<double, -1, -1>&&\x1b[m\x1b[K\xe2\x80\x99\n'}
[2.807155] (consenso_pkg) StderrLine: {'line': b'  279 |     Matrix& operator=(\x1b[01;36m\x1b[KMatrix&& other\x1b[m\x1b[K) EIGEN_NOEXCEPT_IF(std::is_nothrow_move_assignable<Scalar>::value)\n'}
[2.807207] (consenso_pkg) StderrLine: {'line': b'      |                       \x1b[01;36m\x1b[K~~~~~~~~~^~~~~\x1b[m\x1b[K\n'}
[2.807256] (consenso_pkg) StderrLine: {'line': b'\x1b[01m\x1b[K/home/fortunato/ros2_ws/src/consenso/src/nodo.cpp:\x1b[m\x1b[K In constructor \xe2\x80\x98\x1b[01m\x1b[KNodoConsenso::NodoConsenso()\x1b[m\x1b[K\xe2\x80\x99:\n'}
[2.807306] (consenso_pkg) StderrLine: {'line': b'\x1b[01m\x1b[K/home/fortunato/ros2_ws/src/consenso/src/nodo.cpp:59:20:\x1b[m\x1b[K \x1b[01;31m\x1b[Kerror: \x1b[m\x1b[Kcapture of non-variable \xe2\x80\x98\x1b[01m\x1b[KNodoConsenso::idr\x1b[m\x1b[K\xe2\x80\x99\n'}
[2.807355] (consenso_pkg) StderrLine: {'line': b'   59 |             [this, \x1b[01;31m\x1b[Kidr\x1b[m\x1b[K](const example_interfaces::msg::Float64MultiArray::SharedPtr msg)\n'}
[2.807403] (consenso_pkg) StderrLine: {'line': b'      |                    \x1b[01;31m\x1b[K^~~\x1b[m\x1b[K\n'}
[2.807464] (consenso_pkg) StderrLine: {'line': b'\x1b[01m\x1b[K/home/fortunato/ros2_ws/src/consenso/src/nodo.cpp:125:13:\x1b[m\x1b[K \x1b[01;36m\x1b[Knote: \x1b[m\x1b[K\xe2\x80\x98\x1b[01m\x1b[Kint NodoConsenso::idr\x1b[m\x1b[K\xe2\x80\x99 declared here\n'}
[2.807517] (consenso_pkg) StderrLine: {'line': b'  125 |     int idl,\x1b[01;36m\x1b[Kidr\x1b[m\x1b[K;\n'}
[2.807563] (-) TimerEvent: {}
[2.807642] (consenso_pkg) StderrLine: {'line': b'      |             \x1b[01;36m\x1b[K^~~\x1b[m\x1b[K\n'}
[2.807698] (consenso_pkg) StderrLine: {'line': b'\x1b[01m\x1b[K/home/fortunato/ros2_ws/src/consenso/src/nodo.cpp:\x1b[m\x1b[K In lambda function:\n'}
[2.807748] (consenso_pkg) StderrLine: {'line': b'\x1b[01m\x1b[K/home/fortunato/ros2_ws/src/consenso/src/nodo.cpp:62:40:\x1b[m\x1b[K \x1b[01;31m\x1b[Kerror: \x1b[m\x1b[Kno match for \xe2\x80\x98\x1b[01m\x1b[Koperator=\x1b[m\x1b[K\xe2\x80\x99 (operand types are \xe2\x80\x98\x1b[01m\x1b[KEigen::MatrixXd\x1b[m\x1b[K\xe2\x80\x99 {aka \xe2\x80\x98\x1b[01m\x1b[KEigen::Matrix<double, -1, -1>\x1b[m\x1b[K\xe2\x80\x99} and \xe2\x80\x98\x1b[01m\x1b[Kexample_interfaces::msg::Float64MultiArray_<std::allocator<void> >::_data_type\x1b[m\x1b[K\xe2\x80\x99 {aka \xe2\x80\x98\x1b[01m\x1b[Kstd::vector<double, std::allocator<double> >\x1b[m\x1b[K\xe2\x80\x99})\n'}
[2.807802] (consenso_pkg) StderrLine: {'line': b'   62 |                     neighbor_Vr = msg->\x1b[01;31m\x1b[Kdata\x1b[m\x1b[K;\n'}
[2.807857] (consenso_pkg) StderrLine: {'line': b'      |                                        \x1b[01;31m\x1b[K^~~~\x1b[m\x1b[K\n'}
[2.807915] (consenso_pkg) StderrLine: {'line': b'In file included from \x1b[01m\x1b[K/usr/include/eigen3/Eigen/Core:295\x1b[m\x1b[K,\n'}
[2.807963] (consenso_pkg) StderrLine: {'line': b'                 from \x1b[01m\x1b[K/usr/include/eigen3/Eigen/Dense:1\x1b[m\x1b[K,\n'}
[2.808011] (consenso_pkg) StderrLine: {'line': b'                 from \x1b[01m\x1b[K/home/fortunato/ros2_ws/src/consenso/src/nodo.cpp:3\x1b[m\x1b[K:\n'}
[2.808066] (consenso_pkg) StderrLine: {'line': b'\x1b[01m\x1b[K/usr/include/eigen3/Eigen/src/Core/Matrix.h:223:33:\x1b[m\x1b[K \x1b[01;36m\x1b[Knote: \x1b[m\x1b[Kcandidate: \xe2\x80\x98\x1b[01m\x1b[Ktemplate<class OtherDerived> Eigen::Matrix<_Scalar, _Rows, _Cols, _Options, _MaxRows, _MaxCols>& Eigen::Matrix<_Scalar, _Rows, _Cols, _Options, _MaxRows, _MaxCols>::operator=(const Eigen::DenseBase<OtherDerived>&) [with OtherDerived = OtherDerived; _Scalar = double; int _Rows = -1; int _Cols = -1; int _Options = 0; int _MaxRows = -1; int _MaxCols = -1]\x1b[m\x1b[K\xe2\x80\x99\n'}
[2.808122] (consenso_pkg) StderrLine: {'line': b'  223 |     EIGEN_STRONG_INLINE Matrix& \x1b[01;36m\x1b[Koperator\x1b[m\x1b[K=(const DenseBase<OtherDerived>& other)\n'}
[2.808172] (consenso_pkg) StderrLine: {'line': b'      |                                 \x1b[01;36m\x1b[K^~~~~~~~\x1b[m\x1b[K\n'}
[2.808220] (consenso_pkg) StderrLine: {'line': b'\x1b[01m\x1b[K/usr/include/eigen3/Eigen/src/Core/Matrix.h:223:33:\x1b[m\x1b[K \x1b[01;36m\x1b[Knote: \x1b[m\x1b[K  template argument deduction/substitution failed:\n'}
[2.808269] (consenso_pkg) StderrLine: {'line': b'\x1b[01m\x1b[K/home/fortunato/ros2_ws/src/consenso/src/nodo.cpp:62:40:\x1b[m\x1b[K \x1b[01;36m\x1b[Knote: \x1b[m\x1b[K  \xe2\x80\x98\x1b[01m\x1b[Kexample_interfaces::msg::Float64MultiArray_<std::allocator<void> >::_data_type\x1b[m\x1b[K\xe2\x80\x99 {aka \xe2\x80\x98\x1b[01m\x1b[Kstd::vector<double, std::allocator<double> >\x1b[m\x1b[K\xe2\x80\x99} is not derived from \xe2\x80\x98\x1b[01m\x1b[Kconst Eigen::DenseBase<Derived>\x1b[m\x1b[K\xe2\x80\x99\n'}
[2.808321] (consenso_pkg) StderrLine: {'line': b'   62 |                     neighbor_Vr = msg->\x1b[01;36m\x1b[Kdata\x1b[m\x1b[K;\n'}
[2.808370] (consenso_pkg) StderrLine: {'line': b'      |                                        \x1b[01;36m\x1b[K^~~~\x1b[m\x1b[K\n'}
[2.808419] (consenso_pkg) StderrLine: {'line': b'In file included from \x1b[01m\x1b[K/usr/include/eigen3/Eigen/Core:295\x1b[m\x1b[K,\n'}
[2.808468] (consenso_pkg) StderrLine: {'line': b'                 from \x1b[01m\x1b[K/usr/include/eigen3/Eigen/Dense:1\x1b[m\x1b[K,\n'}
[2.808516] (consenso_pkg) StderrLine: {'line': b'                 from \x1b[01m\x1b[K/home/fortunato/ros2_ws/src/consenso/src/nodo.cpp:3\x1b[m\x1b[K:\n'}
[2.808565] (consenso_pkg) StderrLine: {'line': b'\x1b[01m\x1b[K/usr/include/eigen3/Eigen/src/Core/Matrix.h:236:33:\x1b[m\x1b[K \x1b[01;36m\x1b[Knote: \x1b[m\x1b[Kcandidate: \xe2\x80\x98\x1b[01m\x1b[Ktemplate<class OtherDerived> Eigen::Matrix<_Scalar, _Rows, _Cols, _Options, _MaxRows, _MaxCols>& Eigen::Matrix<_Scalar, _Rows, _Cols, _Options, _MaxRows, _MaxCols>::operator=(const Eigen::EigenBase<OtherDerived>&) [with OtherDerived = OtherDerived; _Scalar = double; int _Rows = -1; int _Cols = -1; int _Options = 0; int _MaxRows = -1; int _MaxCols = -1]\x1b[m\x1b[K\xe2\x80\x99\n'}
[2.808616] (consenso_pkg) StderrLine: {'line': b'  236 |     EIGEN_STRONG_INLINE Matrix& \x1b[01;36m\x1b[Koperator\x1b[m\x1b[K=(const EigenBase<OtherDerived> &other)\n'}
[2.808664] (consenso_pkg) StderrLine: {'line': b'      |                                 \x1b[01;36m\x1b[K^~~~~~~~\x1b[m\x1b[K\n'}
[2.808711] (consenso_pkg) StderrLine: {'line': b'\x1b[01m\x1b[K/usr/include/eigen3/Eigen/src/Core/Matrix.h:236:33:\x1b[m\x1b[K \x1b[01;36m\x1b[Knote: \x1b[m\x1b[K  template argument deduction/substitution failed:\n'}
[2.808764] (consenso_pkg) StderrLine: {'line': b'\x1b[01m\x1b[K/home/fortunato/ros2_ws/src/consenso/src/nodo.cpp:62:40:\x1b[m\x1b[K \x1b[01;36m\x1b[Knote: \x1b[m\x1b[K  \xe2\x80\x98\x1b[01m\x1b[Kexample_interfaces::msg::Float64MultiArray_<std::allocator<void> >::_data_type\x1b[m\x1b[K\xe2\x80\x99 {aka \xe2\x80\x98\x1b[01m\x1b[Kstd::vector<double, std::allocator<double> >\x1b[m\x1b[K\xe2\x80\x99} is not derived from \xe2\x80\x98\x1b[01m\x1b[Kconst Eigen::EigenBase<Derived>\x1b[m\x1b[K\xe2\x80\x99\n'}
[2.808818] (consenso_pkg) StderrLine: {'line': b'   62 |                     neighbor_Vr = msg->\x1b[01;36m\x1b[Kdata\x1b[m\x1b[K;\n'}
[2.808880] (consenso_pkg) StderrLine: {'line': b'      |                                        \x1b[01;36m\x1b[K^~~~\x1b[m\x1b[K\n'}
[2.808947] (consenso_pkg) StderrLine: {'line': b'In file included from \x1b[01m\x1b[K/usr/include/eigen3/Eigen/Core:295\x1b[m\x1b[K,\n'}
[2.808994] (consenso_pkg) StderrLine: {'line': b'                 from \x1b[01m\x1b[K/usr/include/eigen3/Eigen/Dense:1\x1b[m\x1b[K,\n'}
[2.809040] (consenso_pkg) StderrLine: {'line': b'                 from \x1b[01m\x1b[K/home/fortunato/ros2_ws/src/consenso/src/nodo.cpp:3\x1b[m\x1b[K:\n'}
[2.809086] (consenso_pkg) StderrLine: {'line': b'\x1b[01m\x1b[K/usr/include/eigen3/Eigen/src/Core/Matrix.h:243:33:\x1b[m\x1b[K \x1b[01;36m\x1b[Knote: \x1b[m\x1b[Kcandidate: \xe2\x80\x98\x1b[01m\x1b[Ktemplate<class OtherDerived> Eigen::Matrix<_Scalar, _Rows, _Cols, _Options, _MaxRows, _MaxCols>& Eigen::Matrix<_Scalar, _Rows, _Cols, _Options, _MaxRows, _MaxCols>::operator=(const Eigen::ReturnByValue<OtherDerived>&) [with OtherDerived = OtherDerived; _Scalar = double; int _Rows = -1; int _Cols = -1; int _Options = 0; int _MaxRows = -1; int _MaxCols = -1]\x1b[m\x1b[K\xe2\x80\x99\n'}
[2.809137] (consenso_pkg) StderrLine: {'line': b'  243 |     EIGEN_STRONG_INLINE Matrix& \x1b[01;36m\x1b[Koperator\x1b[m\x1b[K=(const ReturnByValue<OtherDerived>& func)\n'}
[2.809184] (consenso_pkg) StderrLine: {'line': b'      |                                 \x1b[01;36m\x1b[K^~~~~~~~\x1b[m\x1b[K\n'}
[2.809230] (consenso_pkg) StderrLine: {'line': b'\x1b[01m\x1b[K/usr/include/eigen3/Eigen/src/Core/Matrix.h:243:33:\x1b[m\x1b[K \x1b[01;36m\x1b[Knote: \x1b[m\x1b[K  template argument deduction/substitution failed:\n'}
[2.809276] (consenso_pkg) StderrLine: {'line': b'\x1b[01m\x1b[K/home/fortunato/ros2_ws/src/consenso/src/nodo.cpp:62:40:\x1b[m\x1b[K \x1b[01;36m\x1b[Knote: \x1b[m\x1b[K  \xe2\x80\x98\x1b[01m\x1b[Kexample_interfaces::msg::Float64MultiArray_<std::allocator<void> >::_data_type\x1b[m\x1b[K\xe2\x80\x99 {aka \xe2\x80\x98\x1b[01m\x1b[Kstd::vector<double, std::allocator<double> >\x1b[m\x1b[K\xe2\x80\x99} is not derived from \xe2\x80\x98\x1b[01m\x1b[Kconst Eigen::ReturnByValue<Derived>\x1b[m\x1b[K\xe2\x80\x99\n'}
[2.809329] (consenso_pkg) StderrLine: {'line': b'   62 |                     neighbor_Vr = msg->\x1b[01;36m\x1b[Kdata\x1b[m\x1b[K;\n'}
[2.809375] (consenso_pkg) StderrLine: {'line': b'      |                                        \x1b[01;36m\x1b[K^~~~\x1b[m\x1b[K\n'}
[2.809421] (consenso_pkg) StderrLine: {'line': b'In file included from \x1b[01m\x1b[K/usr/include/eigen3/Eigen/Core:295\x1b[m\x1b[K,\n'}
[2.809468] (consenso_pkg) StderrLine: {'line': b'                 from \x1b[01m\x1b[K/usr/include/eigen3/Eigen/Dense:1\x1b[m\x1b[K,\n'}
[2.809513] (consenso_pkg) StderrLine: {'line': b'                 from \x1b[01m\x1b[K/home/fortunato/ros2_ws/src/consenso/src/nodo.cpp:3\x1b[m\x1b[K:\n'}
[2.809559] (consenso_pkg) StderrLine: {'line': b'\x1b[01m\x1b[K/usr/include/eigen3/Eigen/src/Core/Matrix.h:438:13:\x1b[m\x1b[K \x1b[01;36m\x1b[Knote: \x1b[m\x1b[Kcandidate: \xe2\x80\x98\x1b[01m\x1b[Ktemplate<class OtherDerived> Eigen::Matrix<_Scalar, _Rows, _Cols, _Options, _MaxRows, _MaxCols>& Eigen::Matrix<_Scalar, _Rows, _Cols, _Options, _MaxRows, _MaxCols>::operator=(const Eigen::RotationBase<OtherDerived, Eigen::Matrix<_Scalar, _Rows, _Cols, _Options, _MaxRows, _MaxCols>::ColsAtCompileTime>&) [with OtherDerived = OtherDerived; _Scalar = double; int _Rows = -1; int _Cols = -1; int _Options = 0; int _MaxRows = -1; int _MaxCols = -1]\x1b[m\x1b[K\xe2\x80\x99\n'}
[2.809610] (consenso_pkg) StderrLine: {'line': b'  438 |     Matrix& \x1b[01;36m\x1b[Koperator\x1b[m\x1b[K=(const RotationBase<OtherDerived,ColsAtCompileTime>& r);\n'}
[2.809657] (consenso_pkg) StderrLine: {'line': b'      |             \x1b[01;36m\x1b[K^~~~~~~~\x1b[m\x1b[K\n'}
[2.809704] (consenso_pkg) StderrLine: {'line': b'\x1b[01m\x1b[K/usr/include/eigen3/Eigen/src/Core/Matrix.h:438:13:\x1b[m\x1b[K \x1b[01;36m\x1b[Knote: \x1b[m\x1b[K  template argument deduction/substitution failed:\n'}
[2.809755] (consenso_pkg) StderrLine: {'line': b'\x1b[01m\x1b[K/home/fortunato/ros2_ws/src/consenso/src/nodo.cpp:62:40:\x1b[m\x1b[K \x1b[01;36m\x1b[Knote: \x1b[m\x1b[K  \xe2\x80\x98\x1b[01m\x1b[Kexample_interfaces::msg::Float64MultiArray_<std::allocator<void> >::_data_type\x1b[m\x1b[K\xe2\x80\x99 {aka \xe2\x80\x98\x1b[01m\x1b[Kstd::vector<double, std::allocator<double> >\x1b[m\x1b[K\xe2\x80\x99} is not derived from \xe2\x80\x98\x1b[01m\x1b[Kconst Eigen::RotationBase<OtherDerived, -1>\x1b[m\x1b[K\xe2\x80\x99\n'}
[2.809805] (consenso_pkg) StderrLine: {'line': b'   62 |                     neighbor_Vr = msg->\x1b[01;36m\x1b[Kdata\x1b[m\x1b[K;\n'}
[2.809875] (consenso_pkg) StderrLine: {'line': b'      |                                        \x1b[01;36m\x1b[K^~~~\x1b[m\x1b[K\n'}
[2.809943] (consenso_pkg) StderrLine: {'line': b'In file included from \x1b[01m\x1b[K/usr/include/eigen3/Eigen/Core:295\x1b[m\x1b[K,\n'}
[2.809991] (consenso_pkg) StderrLine: {'line': b'                 from \x1b[01m\x1b[K/usr/include/eigen3/Eigen/Dense:1\x1b[m\x1b[K,\n'}
[2.810037] (consenso_pkg) StderrLine: {'line': b'                 from \x1b[01m\x1b[K/home/fortunato/ros2_ws/src/consenso/src/nodo.cpp:3\x1b[m\x1b[K:\n'}
[2.810084] (consenso_pkg) StderrLine: {'line': b'\x1b[01m\x1b[K/usr/include/eigen3/Eigen/src/Core/Matrix.h:206:33:\x1b[m\x1b[K \x1b[01;36m\x1b[Knote: \x1b[m\x1b[Kcandidate: \xe2\x80\x98\x1b[01m\x1b[KEigen::Matrix<_Scalar, _Rows, _Cols, _Options, _MaxRows, _MaxCols>& Eigen::Matrix<_Scalar, _Rows, _Cols, _Options, _MaxRows, _MaxCols>::operator=(const Eigen::Matrix<_Scalar, _Rows, _Cols, _Options, _MaxRows, _MaxCols>&) [with _Scalar = double; int _Rows = -1; int _Cols = -1; int _Options = 0; int _MaxRows = -1; int _MaxCols = -1]\x1b[m\x1b[K\xe2\x80\x99\n'}
[2.810140] (consenso_pkg) StderrLine: {'line': b'  206 |     EIGEN_STRONG_INLINE Matrix& \x1b[01;36m\x1b[Koperator\x1b[m\x1b[K=(const Matrix& other)\n'}
[2.810187] (consenso_pkg) StderrLine: {'line': b'      |                                 \x1b[01;36m\x1b[K^~~~~~~~\x1b[m\x1b[K\n'}
[2.810234] (consenso_pkg) StderrLine: {'line': b'\x1b[01m\x1b[K/usr/include/eigen3/Eigen/src/Core/Matrix.h:206:57:\x1b[m\x1b[K \x1b[01;36m\x1b[Knote: \x1b[m\x1b[K  no known conversion for argument 1 from \xe2\x80\x98\x1b[01m\x1b[Kexample_interfaces::msg::Float64MultiArray_<std::allocator<void> >::_data_type\x1b[m\x1b[K\xe2\x80\x99 {aka \xe2\x80\x98\x1b[01m\x1b[Kstd::vector<double, std::allocator<double> >\x1b[m\x1b[K\xe2\x80\x99} to \xe2\x80\x98\x1b[01m\x1b[Kconst Eigen::Matrix<double, -1, -1>&\x1b[m\x1b[K\xe2\x80\x99\n'}
[2.810283] (consenso_pkg) StderrLine: {'line': b'  206 |     EIGEN_STRONG_INLINE Matrix& operator=(\x1b[01;36m\x1b[Kconst Matrix& other\x1b[m\x1b[K)\n'}
[2.810330] (consenso_pkg) StderrLine: {'line': b'      |                                           \x1b[01;36m\x1b[K~~~~~~~~~~~~~~^~~~~\x1b[m\x1b[K\n'}
[2.810376] (consenso_pkg) StderrLine: {'line': b'\x1b[01m\x1b[K/usr/include/eigen3/Eigen/src/Core/Matrix.h:279:13:\x1b[m\x1b[K \x1b[01;36m\x1b[Knote: \x1b[m\x1b[Kcandidate: \xe2\x80\x98\x1b[01m\x1b[KEigen::Matrix<_Scalar, _Rows, _Cols, _Options, _MaxRows, _MaxCols>& Eigen::Matrix<_Scalar, _Rows, _Cols, _Options, _MaxRows, _MaxCols>::operator=(Eigen::Matrix<_Scalar, _Rows, _Cols, _Options, _MaxRows, _MaxCols>&&) [with _Scalar = double; int _Rows = -1; int _Cols = -1; int _Options = 0; int _MaxRows = -1; int _MaxCols = -1]\x1b[m\x1b[K\xe2\x80\x99\n'}
[2.810425] (consenso_pkg) StderrLine: {'line': b'  279 |     Matrix& \x1b[01;36m\x1b[Koperator\x1b[m\x1b[K=(Matrix&& other) EIGEN_NOEXCEPT_IF(std::is_nothrow_move_assignable<Scalar>::value)\n'}
[2.810484] (consenso_pkg) StderrLine: {'line': b'      |             \x1b[01;36m\x1b[K^~~~~~~~\x1b[m\x1b[K\n'}
[2.810528] (consenso_pkg) StderrLine: {'line': b'\x1b[01m\x1b[K/usr/include/eigen3/Eigen/src/Core/Matrix.h:279:32:\x1b[m\x1b[K \x1b[01;36m\x1b[Knote: \x1b[m\x1b[K  no known conversion for argument 1 from \xe2\x80\x98\x1b[01m\x1b[Kexample_interfaces::msg::Float64MultiArray_<std::allocator<void> >::_data_type\x1b[m\x1b[K\xe2\x80\x99 {aka \xe2\x80\x98\x1b[01m\x1b[Kstd::vector<double, std::allocator<double> >\x1b[m\x1b[K\xe2\x80\x99} to \xe2\x80\x98\x1b[01m\x1b[KEigen::Matrix<double, -1, -1>&&\x1b[m\x1b[K\xe2\x80\x99\n'}
[2.810581] (consenso_pkg) StderrLine: {'line': b'  279 |     Matrix& operator=(\x1b[01;36m\x1b[KMatrix&& other\x1b[m\x1b[K) EIGEN_NOEXCEPT_IF(std::is_nothrow_move_assignable<Scalar>::value)\n'}
[2.810627] (consenso_pkg) StderrLine: {'line': b'      |                       \x1b[01;36m\x1b[K~~~~~~~~~^~~~~\x1b[m\x1b[K\n'}
[2.810672] (consenso_pkg) StderrLine: {'line': b'\x1b[01m\x1b[K/home/fortunato/ros2_ws/src/consenso/src/nodo.cpp:\x1b[m\x1b[K In constructor \xe2\x80\x98\x1b[01m\x1b[KNodoConsenso::NodoConsenso()\x1b[m\x1b[K\xe2\x80\x99:\n'}
[2.810717] (consenso_pkg) StderrLine: {'line': b'\x1b[01m\x1b[K/home/fortunato/ros2_ws/src/consenso/src/nodo.cpp:69:20:\x1b[m\x1b[K \x1b[01;31m\x1b[Kerror: \x1b[m\x1b[Kcapture of non-variable \xe2\x80\x98\x1b[01m\x1b[KNodoConsenso::idr\x1b[m\x1b[K\xe2\x80\x99\n'}
[2.810762] (consenso_pkg) StderrLine: {'line': b'   69 |             [this, \x1b[01;31m\x1b[Kidr\x1b[m\x1b[K](const example_interfaces::msg::Float64MultiArray::SharedPtr msg)\n'}
[2.810807] (consenso_pkg) StderrLine: {'line': b'      |                    \x1b[01;31m\x1b[K^~~\x1b[m\x1b[K\n'}
[2.810879] (consenso_pkg) StderrLine: {'line': b'\x1b[01m\x1b[K/home/fortunato/ros2_ws/src/consenso/src/nodo.cpp:125:13:\x1b[m\x1b[K \x1b[01;36m\x1b[Knote: \x1b[m\x1b[K\xe2\x80\x98\x1b[01m\x1b[Kint NodoConsenso::idr\x1b[m\x1b[K\xe2\x80\x99 declared here\n'}
[2.810949] (consenso_pkg) StderrLine: {'line': b'  125 |     int idl,\x1b[01;36m\x1b[Kidr\x1b[m\x1b[K;\n'}
[2.810995] (consenso_pkg) StderrLine: {'line': b'      |             \x1b[01;36m\x1b[K^~~\x1b[m\x1b[K\n'}
[2.811039] (consenso_pkg) StderrLine: {'line': b'\x1b[01m\x1b[K/home/fortunato/ros2_ws/src/consenso/src/nodo.cpp:\x1b[m\x1b[K In lambda function:\n'}
[2.811084] (consenso_pkg) StderrLine: {'line': b'\x1b[01m\x1b[K/home/fortunato/ros2_ws/src/consenso/src/nodo.cpp:72:40:\x1b[m\x1b[K \x1b[01;31m\x1b[Kerror: \x1b[m\x1b[Kno match for \xe2\x80\x98\x1b[01m\x1b[Koperator=\x1b[m\x1b[K\xe2\x80\x99 (operand types are \xe2\x80\x98\x1b[01m\x1b[KEigen::MatrixXd\x1b[m\x1b[K\xe2\x80\x99 {aka \xe2\x80\x98\x1b[01m\x1b[KEigen::Matrix<double, -1, -1>\x1b[m\x1b[K\xe2\x80\x99} and \xe2\x80\x98\x1b[01m\x1b[Kexample_interfaces::msg::Float64MultiArray_<std::allocator<void> >::_data_type\x1b[m\x1b[K\xe2\x80\x99 {aka \xe2\x80\x98\x1b[01m\x1b[Kstd::vector<double, std::allocator<double> >\x1b[m\x1b[K\xe2\x80\x99})\n'}
[2.811132] (consenso_pkg) StderrLine: {'line': b'   72 |                     neighbor_vr = msg->\x1b[01;31m\x1b[Kdata\x1b[m\x1b[K;\n'}
[2.811197] (consenso_pkg) StderrLine: {'line': b'      |                                        \x1b[01;31m\x1b[K^~~~\x1b[m\x1b[K\n'}
[2.811247] (consenso_pkg) StderrLine: {'line': b'In file included from \x1b[01m\x1b[K/usr/include/eigen3/Eigen/Core:295\x1b[m\x1b[K,\n'}
[2.811325] (consenso_pkg) StderrLine: {'line': b'                 from \x1b[01m\x1b[K/usr/include/eigen3/Eigen/Dense:1\x1b[m\x1b[K,\n'}
[2.811387] (consenso_pkg) StderrLine: {'line': b'                 from \x1b[01m\x1b[K/home/fortunato/ros2_ws/src/consenso/src/nodo.cpp:3\x1b[m\x1b[K:\n'}
[2.811455] (consenso_pkg) StderrLine: {'line': b'\x1b[01m\x1b[K/usr/include/eigen3/Eigen/src/Core/Matrix.h:223:33:\x1b[m\x1b[K \x1b[01;36m\x1b[Knote: \x1b[m\x1b[Kcandidate: \xe2\x80\x98\x1b[01m\x1b[Ktemplate<class OtherDerived> Eigen::Matrix<_Scalar, _Rows, _Cols, _Options, _MaxRows, _MaxCols>& Eigen::Matrix<_Scalar, _Rows, _Cols, _Options, _MaxRows, _MaxCols>::operator=(const Eigen::DenseBase<OtherDerived>&) [with OtherDerived = OtherDerived; _Scalar = double; int _Rows = -1; int _Cols = -1; int _Options = 0; int _MaxRows = -1; int _MaxCols = -1]\x1b[m\x1b[K\xe2\x80\x99\n'}
[2.811526] (consenso_pkg) StderrLine: {'line': b'  223 |     EIGEN_STRONG_INLINE Matrix& \x1b[01;36m\x1b[Koperator\x1b[m\x1b[K=(const DenseBase<OtherDerived>& other)\n'}
[2.811624] (consenso_pkg) StderrLine: {'line': b'      |                                 \x1b[01;36m\x1b[K^~~~~~~~\x1b[m\x1b[K\n'}
[2.811722] (consenso_pkg) StderrLine: {'line': b'\x1b[01m\x1b[K/usr/include/eigen3/Eigen/src/Core/Matrix.h:223:33:\x1b[m\x1b[K \x1b[01;36m\x1b[Knote: \x1b[m\x1b[K  template argument deduction/substitution failed:\n'}
[2.811771] (consenso_pkg) StderrLine: {'line': b'\x1b[01m\x1b[K/home/fortunato/ros2_ws/src/consenso/src/nodo.cpp:72:40:\x1b[m\x1b[K \x1b[01;36m\x1b[Knote: \x1b[m\x1b[K  \xe2\x80\x98\x1b[01m\x1b[Kexample_interfaces::msg::Float64MultiArray_<std::allocator<void> >::_data_type\x1b[m\x1b[K\xe2\x80\x99 {aka \xe2\x80\x98\x1b[01m\x1b[Kstd::vector<double, std::allocator<double> >\x1b[m\x1b[K\xe2\x80\x99} is not derived from \xe2\x80\x98\x1b[01m\x1b[Kconst Eigen::DenseBase<Derived>\x1b[m\x1b[K\xe2\x80\x99\n'}
[2.811822] (consenso_pkg) StderrLine: {'line': b'   72 |                     neighbor_vr = msg->\x1b[01;36m\x1b[Kdata\x1b[m\x1b[K;\n'}
[2.811882] (consenso_pkg) StderrLine: {'line': b'      |                                        \x1b[01;36m\x1b[K^~~~\x1b[m\x1b[K\n'}
[2.811934] (consenso_pkg) StderrLine: {'line': b'In file included from \x1b[01m\x1b[K/usr/include/eigen3/Eigen/Core:295\x1b[m\x1b[K,\n'}
[2.811982] (consenso_pkg) StderrLine: {'line': b'                 from \x1b[01m\x1b[K/usr/include/eigen3/Eigen/Dense:1\x1b[m\x1b[K,\n'}
[2.812029] (consenso_pkg) StderrLine: {'line': b'                 from \x1b[01m\x1b[K/home/fortunato/ros2_ws/src/consenso/src/nodo.cpp:3\x1b[m\x1b[K:\n'}
[2.812076] (consenso_pkg) StderrLine: {'line': b'\x1b[01m\x1b[K/usr/include/eigen3/Eigen/src/Core/Matrix.h:236:33:\x1b[m\x1b[K \x1b[01;36m\x1b[Knote: \x1b[m\x1b[Kcandidate: \xe2\x80\x98\x1b[01m\x1b[Ktemplate<class OtherDerived> Eigen::Matrix<_Scalar, _Rows, _Cols, _Options, _MaxRows, _MaxCols>& Eigen::Matrix<_Scalar, _Rows, _Cols, _Options, _MaxRows, _MaxCols>::operator=(const Eigen::EigenBase<OtherDerived>&) [with OtherDerived = OtherDerived; _Scalar = double; int _Rows = -1; int _Cols = -1; int _Options = 0; int _MaxRows = -1; int _MaxCols = -1]\x1b[m\x1b[K\xe2\x80\x99\n'}
[2.812132] (consenso_pkg) StderrLine: {'line': b'  236 |     EIGEN_STRONG_INLINE Matrix& \x1b[01;36m\x1b[Koperator\x1b[m\x1b[K=(const EigenBase<OtherDerived> &other)\n'}
[2.812181] (consenso_pkg) StderrLine: {'line': b'      |                                 \x1b[01;36m\x1b[K^~~~~~~~\x1b[m\x1b[K\n'}
[2.812236] (consenso_pkg) StderrLine: {'line': b'\x1b[01m\x1b[K/usr/include/eigen3/Eigen/src/Core/Matrix.h:236:33:\x1b[m\x1b[K \x1b[01;36m\x1b[Knote: \x1b[m\x1b[K  template argument deduction/substitution failed:\n'}
[2.812285] (consenso_pkg) StderrLine: {'line': b'\x1b[01m\x1b[K/home/fortunato/ros2_ws/src/consenso/src/nodo.cpp:72:40:\x1b[m\x1b[K \x1b[01;36m\x1b[Knote: \x1b[m\x1b[K  \xe2\x80\x98\x1b[01m\x1b[Kexample_interfaces::msg::Float64MultiArray_<std::allocator<void> >::_data_type\x1b[m\x1b[K\xe2\x80\x99 {aka \xe2\x80\x98\x1b[01m\x1b[Kstd::vector<double, std::allocator<double> >\x1b[m\x1b[K\xe2\x80\x99} is not derived from \xe2\x80\x98\x1b[01m\x1b[Kconst Eigen::EigenBase<Derived>\x1b[m\x1b[K\xe2\x80\x99\n'}
[2.812336] (consenso_pkg) StderrLine: {'line': b'   72 |                     neighbor_vr = msg->\x1b[01;36m\x1b[Kdata\x1b[m\x1b[K;\n'}
[2.812383] (consenso_pkg) StderrLine: {'line': b'      |                                        \x1b[01;36m\x1b[K^~~~\x1b[m\x1b[K\n'}
[2.812430] (consenso_pkg) StderrLine: {'line': b'In file included from \x1b[01m\x1b[K/usr/include/eigen3/Eigen/Core:295\x1b[m\x1b[K,\n'}
[2.812478] (consenso_pkg) StderrLine: {'line': b'                 from \x1b[01m\x1b[K/usr/include/eigen3/Eigen/Dense:1\x1b[m\x1b[K,\n'}
[2.812525] (consenso_pkg) StderrLine: {'line': b'                 from \x1b[01m\x1b[K/home/fortunato/ros2_ws/src/consenso/src/nodo.cpp:3\x1b[m\x1b[K:\n'}
[2.812573] (consenso_pkg) StderrLine: {'line': b'\x1b[01m\x1b[K/usr/include/eigen3/Eigen/src/Core/Matrix.h:243:33:\x1b[m\x1b[K \x1b[01;36m\x1b[Knote: \x1b[m\x1b[Kcandidate: \xe2\x80\x98\x1b[01m\x1b[Ktemplate<class OtherDerived> Eigen::Matrix<_Scalar, _Rows, _Cols, _Options, _MaxRows, _MaxCols>& Eigen::Matrix<_Scalar, _Rows, _Cols, _Options, _MaxRows, _MaxCols>::operator=(const Eigen::ReturnByValue<OtherDerived>&) [with OtherDerived = OtherDerived; _Scalar = double; int _Rows = -1; int _Cols = -1; int _Options = 0; int _MaxRows = -1; int _MaxCols = -1]\x1b[m\x1b[K\xe2\x80\x99\n'}
[2.812628] (consenso_pkg) StderrLine: {'line': b'  243 |     EIGEN_STRONG_INLINE Matrix& \x1b[01;36m\x1b[Koperator\x1b[m\x1b[K=(const ReturnByValue<OtherDerived>& func)\n'}
[2.812676] (consenso_pkg) StderrLine: {'line': b'      |                                 \x1b[01;36m\x1b[K^~~~~~~~\x1b[m\x1b[K\n'}
[2.812723] (consenso_pkg) StderrLine: {'line': b'\x1b[01m\x1b[K/usr/include/eigen3/Eigen/src/Core/Matrix.h:243:33:\x1b[m\x1b[K \x1b[01;36m\x1b[Knote: \x1b[m\x1b[K  template argument deduction/substitution failed:\n'}
[2.812770] (consenso_pkg) StderrLine: {'line': b'\x1b[01m\x1b[K/home/fortunato/ros2_ws/src/consenso/src/nodo.cpp:72:40:\x1b[m\x1b[K \x1b[01;36m\x1b[Knote: \x1b[m\x1b[K  \xe2\x80\x98\x1b[01m\x1b[Kexample_interfaces::msg::Float64MultiArray_<std::allocator<void> >::_data_type\x1b[m\x1b[K\xe2\x80\x99 {aka \xe2\x80\x98\x1b[01m\x1b[Kstd::vector<double, std::allocator<double> >\x1b[m\x1b[K\xe2\x80\x99} is not derived from \xe2\x80\x98\x1b[01m\x1b[Kconst Eigen::ReturnByValue<Derived>\x1b[m\x1b[K\xe2\x80\x99\n'}
[2.812820] (consenso_pkg) StderrLine: {'line': b'   72 |                     neighbor_vr = msg->\x1b[01;36m\x1b[Kdata\x1b[m\x1b[K;\n'}
[2.812882] (consenso_pkg) StderrLine: {'line': b'      |                                        \x1b[01;36m\x1b[K^~~~\x1b[m\x1b[K\n'}
[2.812934] (consenso_pkg) StderrLine: {'line': b'In file included from \x1b[01m\x1b[K/usr/include/eigen3/Eigen/Core:295\x1b[m\x1b[K,\n'}
[2.812982] (consenso_pkg) StderrLine: {'line': b'                 from \x1b[01m\x1b[K/usr/include/eigen3/Eigen/Dense:1\x1b[m\x1b[K,\n'}
[2.813030] (consenso_pkg) StderrLine: {'line': b'                 from \x1b[01m\x1b[K/home/fortunato/ros2_ws/src/consenso/src/nodo.cpp:3\x1b[m\x1b[K:\n'}
[2.813078] (consenso_pkg) StderrLine: {'line': b'\x1b[01m\x1b[K/usr/include/eigen3/Eigen/src/Core/Matrix.h:438:13:\x1b[m\x1b[K \x1b[01;36m\x1b[Knote: \x1b[m\x1b[Kcandidate: \xe2\x80\x98\x1b[01m\x1b[Ktemplate<class OtherDerived> Eigen::Matrix<_Scalar, _Rows, _Cols, _Options, _MaxRows, _MaxCols>& Eigen::Matrix<_Scalar, _Rows, _Cols, _Options, _MaxRows, _MaxCols>::operator=(const Eigen::RotationBase<OtherDerived, Eigen::Matrix<_Scalar, _Rows, _Cols, _Options, _MaxRows, _MaxCols>::ColsAtCompileTime>&) [with OtherDerived = OtherDerived; _Scalar = double; int _Rows = -1; int _Cols = -1; int _Options = 0; int _MaxRows = -1; int _MaxCols = -1]\x1b[m\x1b[K\xe2\x80\x99\n'}
[2.813138] (consenso_pkg) StderrLine: {'line': b'  438 |     Matrix& \x1b[01;36m\x1b[Koperator\x1b[m\x1b[K=(const RotationBase<OtherDerived,ColsAtCompileTime>& r);\n'}
[2.813193] (consenso_pkg) StderrLine: {'line': b'      |             \x1b[01;36m\x1b[K^~~~~~~~\x1b[m\x1b[K\n'}
[2.813242] (consenso_pkg) StderrLine: {'line': b'\x1b[01m\x1b[K/usr/include/eigen3/Eigen/src/Core/Matrix.h:438:13:\x1b[m\x1b[K \x1b[01;36m\x1b[Knote: \x1b[m\x1b[K  template argument deduction/substitution failed:\n'}
[2.813343] (consenso_pkg) StderrLine: {'line': b'\x1b[01m\x1b[K/home/fortunato/ros2_ws/src/consenso/src/nodo.cpp:72:40:\x1b[m\x1b[K \x1b[01;36m\x1b[Knote: \x1b[m\x1b[K  \xe2\x80\x98\x1b[01m\x1b[Kexample_interfaces::msg::Float64MultiArray_<std::allocator<void> >::_data_type\x1b[m\x1b[K\xe2\x80\x99 {aka \xe2\x80\x98\x1b[01m\x1b[Kstd::vector<double, std::allocator<double> >\x1b[m\x1b[K\xe2\x80\x99} is not derived from \xe2\x80\x98\x1b[01m\x1b[Kconst Eigen::RotationBase<OtherDerived, -1>\x1b[m\x1b[K\xe2\x80\x99\n'}
[2.813397] (consenso_pkg) StderrLine: {'line': b'   72 |                     neighbor_vr = msg->\x1b[01;36m\x1b[Kdata\x1b[m\x1b[K;\n'}
[2.813445] (consenso_pkg) StderrLine: {'line': b'      |                                        \x1b[01;36m\x1b[K^~~~\x1b[m\x1b[K\n'}
[2.813493] (consenso_pkg) StderrLine: {'line': b'In file included from \x1b[01m\x1b[K/usr/include/eigen3/Eigen/Core:295\x1b[m\x1b[K,\n'}
[2.813540] (consenso_pkg) StderrLine: {'line': b'                 from \x1b[01m\x1b[K/usr/include/eigen3/Eigen/Dense:1\x1b[m\x1b[K,\n'}
[2.813591] (consenso_pkg) StderrLine: {'line': b'                 from \x1b[01m\x1b[K/home/fortunato/ros2_ws/src/consenso/src/nodo.cpp:3\x1b[m\x1b[K:\n'}
[2.813638] (consenso_pkg) StderrLine: {'line': b'\x1b[01m\x1b[K/usr/include/eigen3/Eigen/src/Core/Matrix.h:206:33:\x1b[m\x1b[K \x1b[01;36m\x1b[Knote: \x1b[m\x1b[Kcandidate: \xe2\x80\x98\x1b[01m\x1b[KEigen::Matrix<_Scalar, _Rows, _Cols, _Options, _MaxRows, _MaxCols>& Eigen::Matrix<_Scalar, _Rows, _Cols, _Options, _MaxRows, _MaxCols>::operator=(const Eigen::Matrix<_Scalar, _Rows, _Cols, _Options, _MaxRows, _MaxCols>&) [with _Scalar = double; int _Rows = -1; int _Cols = -1; int _Options = 0; int _MaxRows = -1; int _MaxCols = -1]\x1b[m\x1b[K\xe2\x80\x99\n'}
[2.813689] (consenso_pkg) StderrLine: {'line': b'  206 |     EIGEN_STRONG_INLINE Matrix& \x1b[01;36m\x1b[Koperator\x1b[m\x1b[K=(const Matrix& other)\n'}
[2.813737] (consenso_pkg) StderrLine: {'line': b'      |                                 \x1b[01;36m\x1b[K^~~~~~~~\x1b[m\x1b[K\n'}
[2.813784] (consenso_pkg) StderrLine: {'line': b'\x1b[01m\x1b[K/usr/include/eigen3/Eigen/src/Core/Matrix.h:206:57:\x1b[m\x1b[K \x1b[01;36m\x1b[Knote: \x1b[m\x1b[K  no known conversion for argument 1 from \xe2\x80\x98\x1b[01m\x1b[Kexample_interfaces::msg::Float64MultiArray_<std::allocator<void> >::_data_type\x1b[m\x1b[K\xe2\x80\x99 {aka \xe2\x80\x98\x1b[01m\x1b[Kstd::vector<double, std::allocator<double> >\x1b[m\x1b[K\xe2\x80\x99} to \xe2\x80\x98\x1b[01m\x1b[Kconst Eigen::Matrix<double, -1, -1>&\x1b[m\x1b[K\xe2\x80\x99\n'}
[2.813835] (consenso_pkg) StderrLine: {'line': b'  206 |     EIGEN_STRONG_INLINE Matrix& operator=(\x1b[01;36m\x1b[Kconst Matrix& other\x1b[m\x1b[K)\n'}
[2.813896] (consenso_pkg) StderrLine: {'line': b'      |                                           \x1b[01;36m\x1b[K~~~~~~~~~~~~~~^~~~~\x1b[m\x1b[K\n'}
[2.813945] (consenso_pkg) StderrLine: {'line': b'\x1b[01m\x1b[K/usr/include/eigen3/Eigen/src/Core/Matrix.h:279:13:\x1b[m\x1b[K \x1b[01;36m\x1b[Knote: \x1b[m\x1b[Kcandidate: \xe2\x80\x98\x1b[01m\x1b[KEigen::Matrix<_Scalar, _Rows, _Cols, _Options, _MaxRows, _MaxCols>& Eigen::Matrix<_Scalar, _Rows, _Cols, _Options, _MaxRows, _MaxCols>::operator=(Eigen::Matrix<_Scalar, _Rows, _Cols, _Options, _MaxRows, _MaxCols>&&) [with _Scalar = double; int _Rows = -1; int _Cols = -1; int _Options = 0; int _MaxRows = -1; int _MaxCols = -1]\x1b[m\x1b[K\xe2\x80\x99\n'}
[2.813996] (consenso_pkg) StderrLine: {'line': b'  279 |     Matrix& \x1b[01;36m\x1b[Koperator\x1b[m\x1b[K=(Matrix&& other) EIGEN_NOEXCEPT_IF(std::is_nothrow_move_assignable<Scalar>::value)\n'}
[2.814045] (consenso_pkg) StderrLine: {'line': b'      |             \x1b[01;36m\x1b[K^~~~~~~~\x1b[m\x1b[K\n'}
[2.814092] (consenso_pkg) StderrLine: {'line': b'\x1b[01m\x1b[K/usr/include/eigen3/Eigen/src/Core/Matrix.h:279:32:\x1b[m\x1b[K \x1b[01;36m\x1b[Knote: \x1b[m\x1b[K  no known conversion for argument 1 from \xe2\x80\x98\x1b[01m\x1b[Kexample_interfaces::msg::Float64MultiArray_<std::allocator<void> >::_data_type\x1b[m\x1b[K\xe2\x80\x99 {aka \xe2\x80\x98\x1b[01m\x1b[Kstd::vector<double, std::allocator<double> >\x1b[m\x1b[K\xe2\x80\x99} to \xe2\x80\x98\x1b[01m\x1b[KEigen::Matrix<double, -1, -1>&&\x1b[m\x1b[K\xe2\x80\x99\n'}
[2.814149] (consenso_pkg) StderrLine: {'line': b'  279 |     Matrix& operator=(\x1b[01;36m\x1b[KMatrix&& other\x1b[m\x1b[K) EIGEN_NOEXCEPT_IF(std::is_nothrow_move_assignable<Scalar>::value)\n'}
[2.814197] (consenso_pkg) StderrLine: {'line': b'      |                       \x1b[01;36m\x1b[K~~~~~~~~~^~~~~\x1b[m\x1b[K\n'}
[2.814245] (consenso_pkg) StderrLine: {'line': b'\x1b[01m\x1b[K/home/fortunato/ros2_ws/src/consenso/src/nodo.cpp:\x1b[m\x1b[K In constructor \xe2\x80\x98\x1b[01m\x1b[KNodoConsenso::NodoConsenso()\x1b[m\x1b[K\xe2\x80\x99:\n'}
[2.814294] (consenso_pkg) StderrLine: {'line': b'\x1b[01m\x1b[K/home/fortunato/ros2_ws/src/consenso/src/nodo.cpp:77:16:\x1b[m\x1b[K \x1b[01;31m\x1b[Kerror: \x1b[m\x1b[K\xe2\x80\x98\x1b[01m\x1b[Kusing SharedPtr = class std::shared_ptr<rclcpp::Subscription<example_interfaces::msg::Float64MultiArray_<std::allocator<void> > > >\x1b[m\x1b[K\xe2\x80\x99 {aka \xe2\x80\x98\x1b[01m\x1b[Kclass std::shared_ptr<rclcpp::Subscription<example_interfaces::msg::Float64MultiArray_<std::allocator<void> > > >\x1b[m\x1b[K\xe2\x80\x99} has no member named \xe2\x80\x98\x1b[01m\x1b[Kpush_back\x1b[m\x1b[K\xe2\x80\x99\n'}
[2.814355] (consenso_pkg) StderrLine: {'line': b'   77 |         V_subs.\x1b[01;31m\x1b[Kpush_back\x1b[m\x1b[K(V_subl);\n'}
[2.814403] (consenso_pkg) StderrLine: {'line': b'      |                \x1b[01;31m\x1b[K^~~~~~~~~\x1b[m\x1b[K\n'}
[2.814465] (consenso_pkg) StderrLine: {'line': b'\x1b[01m\x1b[K/home/fortunato/ros2_ws/src/consenso/src/nodo.cpp:78:16:\x1b[m\x1b[K \x1b[01;31m\x1b[Kerror: \x1b[m\x1b[K\xe2\x80\x98\x1b[01m\x1b[Kusing SharedPtr = class std::shared_ptr<rclcpp::Subscription<example_interfaces::msg::Float64MultiArray_<std::allocator<void> > > >\x1b[m\x1b[K\xe2\x80\x99 {aka \xe2\x80\x98\x1b[01m\x1b[Kclass std::shared_ptr<rclcpp::Subscription<example_interfaces::msg::Float64MultiArray_<std::allocator<void> > > >\x1b[m\x1b[K\xe2\x80\x99} has no member named \xe2\x80\x98\x1b[01m\x1b[Kpush_back\x1b[m\x1b[K\xe2\x80\x99\n'}
[2.814517] (consenso_pkg) StderrLine: {'line': b'   78 |         v_subs.\x1b[01;31m\x1b[Kpush_back\x1b[m\x1b[K(v_subl);\n'}
[2.814566] (consenso_pkg) StderrLine: {'line': b'      |                \x1b[01;31m\x1b[K^~~~~~~~~\x1b[m\x1b[K\n'}
[2.814619] (consenso_pkg) StderrLine: {'line': b'\x1b[01m\x1b[K/home/fortunato/ros2_ws/src/consenso/src/nodo.cpp:79:16:\x1b[m\x1b[K \x1b[01;31m\x1b[Kerror: \x1b[m\x1b[K\xe2\x80\x98\x1b[01m\x1b[Kusing SharedPtr = class std::shared_ptr<rclcpp::Subscription<example_interfaces::msg::Float64MultiArray_<std::allocator<void> > > >\x1b[m\x1b[K\xe2\x80\x99 {aka \xe2\x80\x98\x1b[01m\x1b[Kclass std::shared_ptr<rclcpp::Subscription<example_interfaces::msg::Float64MultiArray_<std::allocator<void> > > >\x1b[m\x1b[K\xe2\x80\x99} has no member named \xe2\x80\x98\x1b[01m\x1b[Kpush_back\x1b[m\x1b[K\xe2\x80\x99\n'}
[2.814675] (consenso_pkg) StderrLine: {'line': b'   79 |         V_subs.\x1b[01;31m\x1b[Kpush_back\x1b[m\x1b[K(V_subr);\n'}
[2.814724] (consenso_pkg) StderrLine: {'line': b'      |                \x1b[01;31m\x1b[K^~~~~~~~~\x1b[m\x1b[K\n'}
[2.814772] (consenso_pkg) StderrLine: {'line': b'\x1b[01m\x1b[K/home/fortunato/ros2_ws/src/consenso/src/nodo.cpp:80:16:\x1b[m\x1b[K \x1b[01;31m\x1b[Kerror: \x1b[m\x1b[K\xe2\x80\x98\x1b[01m\x1b[Kusing SharedPtr = class std::shared_ptr<rclcpp::Subscription<example_interfaces::msg::Float64MultiArray_<std::allocator<void> > > >\x1b[m\x1b[K\xe2\x80\x99 {aka \xe2\x80\x98\x1b[01m\x1b[Kclass std::shared_ptr<rclcpp::Subscription<example_interfaces::msg::Float64MultiArray_<std::allocator<void> > > >\x1b[m\x1b[K\xe2\x80\x99} has no member named \xe2\x80\x98\x1b[01m\x1b[Kpush_back\x1b[m\x1b[K\xe2\x80\x99\n'}
[2.814823] (consenso_pkg) StderrLine: {'line': b'   80 |         v_subs.\x1b[01;31m\x1b[Kpush_back\x1b[m\x1b[K(v_subr);\n'}
[2.814885] (consenso_pkg) StderrLine: {'line': b'      |                \x1b[01;31m\x1b[K^~~~~~~~~\x1b[m\x1b[K\n'}
[2.814939] (consenso_pkg) StderrLine: {'line': b'\x1b[01m\x1b[K/home/fortunato/ros2_ws/src/consenso/src/nodo.cpp:90:9:\x1b[m\x1b[K \x1b[01;31m\x1b[Kerror: \x1b[m\x1b[K\xe2\x80\x98\x1b[01m\x1b[Kinput_sub\x1b[m\x1b[K\xe2\x80\x99 was not declared in this scope\n'}
[2.814989] (consenso_pkg) StderrLine: {'line': b'   90 |         \x1b[01;31m\x1b[Kinput_sub\x1b[m\x1b[K = this->create_subscription<example_interfaces::msg::Float64MultiArray>(\n'}
[2.815038] (consenso_pkg) StderrLine: {'line': b'      |         \x1b[01;31m\x1b[K^~~~~~~~~\x1b[m\x1b[K\n'}
[2.815087] (consenso_pkg) StderrLine: {'line': b'\x1b[01m\x1b[K/home/fortunato/ros2_ws/src/consenso/src/nodo.cpp:91:39:\x1b[m\x1b[K \x1b[01;31m\x1b[Kerror: \x1b[m\x1b[K\xe2\x80\x98\x1b[01m\x1b[Kid\x1b[m\x1b[K\xe2\x80\x99 was not declared in this scope; did you mean \xe2\x80\x98\x1b[01m\x1b[Kid_\x1b[m\x1b[K\xe2\x80\x99?\n'}
[2.815138] (consenso_pkg) StderrLine: {'line': b'   91 |             "/node_" + std::to_string(\x1b[01;31m\x1b[Kid\x1b[m\x1b[K) + "/input",\n'}
[2.815191] (consenso_pkg) StderrLine: {'line': b'      |                                       \x1b[01;31m\x1b[K^~\x1b[m\x1b[K\n'}
[2.815249] (consenso_pkg) StderrLine: {'line': b'      |                                       \x1b[32m\x1b[Kid_\x1b[m\x1b[K\n'}
[2.907697] (-) TimerEvent: {}
[2.930621] (consenso_pkg) StderrLine: {'line': b'\x1b[01m\x1b[K/home/fortunato/ros2_ws/src/consenso/src/nodo.cpp:\x1b[m\x1b[K In member function \xe2\x80\x98\x1b[01m\x1b[Kvoid NodoConsenso::icf12()\x1b[m\x1b[K\xe2\x80\x99:\n'}
[2.930770] (consenso_pkg) StderrLine: {'line': b'\x1b[01m\x1b[K/home/fortunato/ros2_ws/src/consenso/src/nodo.cpp:173:78:\x1b[m\x1b[K \x1b[01;31m\x1b[Kerror: \x1b[m\x1b[K\xe2\x80\x98\x1b[01m\x1b[Kz\x1b[m\x1b[K\xe2\x80\x99 was not declared in this scope\n'}
[2.930824] (consenso_pkg) StderrLine: {'line': b'  173 | v_ = (1 / N) * J_priori * x_priori + H_.transpose() * R_.inverse() * \x1b[01;31m\x1b[Kz\x1b[m\x1b[K;\n'}
[2.930911] (consenso_pkg) StderrLine: {'line': b'      |                                                                      \x1b[01;31m\x1b[K^\x1b[m\x1b[K\n'}
[2.930992] (consenso_pkg) StderrLine: {'line': b'\n'}
[3.007861] (-) TimerEvent: {}
[3.108142] (-) TimerEvent: {}
[3.208434] (-) TimerEvent: {}
[3.308727] (-) TimerEvent: {}
[3.409225] (-) TimerEvent: {}
[3.509515] (-) TimerEvent: {}
[3.609814] (-) TimerEvent: {}
[3.710080] (-) TimerEvent: {}
[3.810415] (-) TimerEvent: {}
[3.910739] (-) TimerEvent: {}
[4.011007] (-) TimerEvent: {}
[4.111348] (-) TimerEvent: {}
[4.211658] (-) TimerEvent: {}
[4.311940] (-) TimerEvent: {}
[4.412235] (-) TimerEvent: {}
[4.512461] (-) TimerEvent: {}
[4.612803] (-) TimerEvent: {}
[4.713176] (-) TimerEvent: {}
[4.813646] (-) TimerEvent: {}
[4.913958] (-) TimerEvent: {}
[5.014250] (-) TimerEvent: {}
[5.114542] (-) TimerEvent: {}
[5.214839] (-) TimerEvent: {}
[5.315140] (-) TimerEvent: {}
[5.415442] (-) TimerEvent: {}
[5.515740] (-) TimerEvent: {}
[5.616063] (-) TimerEvent: {}
[5.716373] (-) TimerEvent: {}
[5.816745] (-) TimerEvent: {}
[5.917010] (-) TimerEvent: {}
[6.017312] (-) TimerEvent: {}
[6.117586] (-) TimerEvent: {}
[6.217863] (-) TimerEvent: {}
[6.318105] (-) TimerEvent: {}
[6.418406] (-) TimerEvent: {}
[6.518713] (consenso_pkg) StderrLine: {'line': b'gmake[2]: *** [CMakeFiles/nodo.dir/build.make:76: CMakeFiles/nodo.dir/src/nodo.cpp.o] Errore 1\n'}
[6.518898] (-) TimerEvent: {}
[6.518984] (consenso_pkg) StderrLine: {'line': b'gmake[1]: *** [CMakeFiles/Makefile2:137: CMakeFiles/nodo.dir/all] Errore 2\n'}
[6.519186] (consenso_pkg) StderrLine: {'line': b'gmake: *** [Makefile:146: all] Errore 2\n'}
[6.521014] (consenso_pkg) CommandEnded: {'returncode': 2}
[6.531547] (consenso_pkg) JobEnded: {'identifier': 'consenso_pkg', 'rc': 2}
[6.545187] (-) EventReactorShutdown: {}
